Workbook
Name k_n: 'Calc'!$B$26
Name k_nh: 'Calc'!$B$27
Name k_ng: 'Calc'!$B$28
Name k_unit: 'Calc'!$B$29
Name k_run: 'Calc'!$B$30
Name k_xd: 'Calc'!$B$31
Name k_gluOn: 'Calc'!$B$32
Name k_gluU: 'Calc'!$B$33
Name k_gd: 'Calc'!$B$34
Name k_dup: 'Calc'!$B$35
Name k_lo: 'Calc'!$B$36
Name k_hi: 'Calc'!$B$37
Name k_rng: 'Calc'!$B$38
Name k_mx: 'Calc'!$B$39
Name k_sx: 'Calc'!$B$40
Name k_rest: 'Calc'!$B$41
Name k_lamin: 'Calc'!$B$42
Name k_base: 'Calc'!$B$43
Name k_lamax: 'Calc'!$B$44
Name k_ymean: 'Calc'!$B$45
Name k_sst: 'Calc'!$B$46
Name k_model: 'Calc'!$B$47
Name k_mexp: 'Calc'!$B$48
Name k_m1: 'Calc'!$B$49
Name k_m2: 'Calc'!$B$50
Name k_roi: 'Calc'!$B$51
Name k_hrdeg: 'Calc'!$B$52
Name k_gfree: 'Calc'!$B$53
Name k_x2nd: 'Calc'!$B$54
Name k_xn1: 'Calc'!$B$55
Name k_yfirst: 'Calc'!$B$56
Name k_ylast: 'Calc'!$B$57
Name k_dur: 'Calc'!$B$58
Name k_p2ok: 'Calc'!$B$61
Name k_p2_0: 'Calc'!$B$62
Name k_p2_1: 'Calc'!$B$63
Name k_p2_2: 'Calc'!$B$64
Name k_p3ok: 'Calc'!$B$65
Name k_p3_0: 'Calc'!$B$66
Name k_p3_1: 'Calc'!$B$67
Name k_p3_2: 'Calc'!$B$68
Name k_p3_3: 'Calc'!$B$69
Name k_p4ok: 'Calc'!$B$70
Name k_p4_0: 'Calc'!$B$71
Name k_p4_1: 'Calc'!$B$72
Name k_p4_2: 'Calc'!$B$73
Name k_p4_3: 'Calc'!$B$74
Name k_p4_4: 'Calc'!$B$75
Name k_eok: 'Calc'!$B$76
Name k_ea: 'Calc'!$B$77
Name k_eb: 'Calc'!$B$78
Name k_ec: 'Calc'!$B$79
Name k_fitok: 'Calc'!$I$82
Name k_s0: 'Calc'!$B$88
Name k_s1: 'Calc'!$B$89
Name k_s2: 'Calc'!$B$90
Name k_s3: 'Calc'!$B$91
Name k_s4: 'Calc'!$B$92
Name k_r2: 'Calc'!$B$93
Name k_rmse: 'Calc'!$B$94

Sheet Anleitung
A1: Laktatdiagnostik – Excel-Version
A2: Nachbau der Webapp „Laktatdiagnostik – Auswertung“ (Stufentest mit LT1/LT2, Modellvergleich, Trainingsbereichen). Alle Ergebnisse sind Formeln ohne Makros.
A4: So wird die Mappe benutzt
A5: 1. Blatt „Eingabe“: Stammdaten, Protokoll und die Messwerte je Stufe (Belastung, Laktat, HF, optional Glukose) in die gelben Felder eintragen.
A6: 2. Rechts im Blatt „Eingabe“ Kurvenmodell, LT1-/LT2-Verfahren und die übrigen Optionen aus den Auswahllisten wählen.
A7: 3. Blatt „Auswertung“: Schwellen, Hinweise, Trainingsbereiche, Laktatstufen-Tabelle sowie Laktat- und HF-Diagramm.
A8: 4. Blatt „Verfahren“: alle 21 Schwellenverfahren und der Modellvergleich (Poly 2/3/4, Exponentiell).
A9: 5. Blatt „Diagramme“: Laktatäquivalent, Log-Log-Darstellung und Glukoseverlauf.
A10: 6. Blatt „Bericht“: druckfertiger A4-Bericht (Datei › Drucken oder Als PDF speichern).
A11: 7. LT1/LT2 manuell verschieben: Wert in Eingabe!I15 bzw. I16 eintragen (leer = Algorithmus). Bereichsgrenzen manuell: Eingabe!I26–I30.
A12: 8. Tests speichern: Datei unter neuem Namen sichern (ersetzt „Test speichern“ und JSON-Export der Webapp). Beispieldaten im Blatt „Beispiele“.
A14: Unterschiede zur Webapp
... A27: Die Schwellen sind modell- und verfahrensabhängige Schätzungen. LT2 ist nicht per Definition MLSS oder Critical Speed/Power. Die Voreinstellungen der Trainingsbereiche sind Konvention.

Sheet Eingabe
A1: Laktatdiagnostik – Eingabe
A2: Gelb hinterlegte Felder mit blauer Schrift sind Eingaben. Alles andere wird berechnet. Dezimalzahlen wie in Excel üblich eingeben (z. B. 10,5). Leere Zeilen werden ignoriert, Stufen nach Belastung sortiert.
A3: Athlet:in und Protokoll | H3: Auswertung
A4: Name | B4: Mayer Elisabeth | D4: Stufendauer [min] | E4: 3 | H4: Kurvenmodell Laktat | I4: Polynom 3. Grades (Standard für Dmax)
A5: Geburtsdatum | B5: 41105 | D5: Stufenhöhe | E5: 1,5 km/h | H5: LT1-Verfahren | I5: LTP1 (Hofmann/Pokan)
A6: Testdatum | B6: 46287 | D6: Probenentnahme | E6: Kapillar Ohrläppchen | H6: LT2-Verfahren | I6: LTP2 (Hofmann/Pokan)
A7: Größe [cm] | B7: 155.1 | D7: Matrix | E7: Vollblut | H7: LTP1-Suchbereich bis [% vmax] | I7: 70
A8: Masse [kg] | B8: 40.4 | D8: Analysator | H8: Baseline für Δ-Verfahren | I8: niedrigster Stufenwert
A9: Ergometer | B9: Laufband (km/h) | D9: Ruhelaktat [mmol/L] | E9: 1.6 | H9: Modell Herzfrequenz | I9: Polynom 2. Grades
A10: Testleitung | B10: Ernst Johannes, BSc | D10: ="Ruheglukose ["&k_gluU&"]" | E10: 81 | H10: Hilfsgeraden-Konstruktion | I10: korrigiert: nie unterhalb der Laktatkurve
A11: Bemerkung | H11: Glukose je Stufe erfassen | I11: Nein
A12: Institution / Labor | H12: Glukose-Einheit | I12: mg/dL
A13: Adresse und Kontakt
H14: Schwellen manuell setzen (leer = Algorithmus)
A15: Messwerte je Stufe | H15: ="LT1 manuell ["&k_unit&"]"
A16: Stufe | B16: Zeit [mm:ss] | C16: ="Belastung ["&k_unit&"]" | D16: Laktat [mmol/L] | E16: HF [1/min] | F16: ="Glukose ["&k_gluU&"]" | H16: ="LT2 manuell ["&k_unit&"]"
A17: 1 | B17: 03:00 | C17: 6 | D17: 2.2 | E17: 145
A18: 2 | B18: 06:00 | C18: 7.5 | D18: 2.3 | E18: 167 | H18: Regeln für Trainingsbereiche
A19: 3 | B19: 09:00 | C19: 9 | D19: 2.7 | E19: 184 | H19: A1 ab [% LT1] | I19: 81
A20: 4 | B20: 12:00 | C20: 10.5 | D20: 3.5 | E20: 193 | H20: A2 bis [% der Strecke LT1→LT2] | I20: 52
A21: 5 | B21: 15:00 | C21: 12 | D21: 5.1 | E21: 200 | H21: A3 bis [% LT2] | I21: 104.5
A22: 6 | B22: 18:00 | C22: 13.5 | D22: 8.2 | E22: 207 | H22: A4 bis [% vmax] | I22: 98
A23: 7 | B23: 19:30 | C23: 14.25 | D23: 9.3 | E23: 208 | H23: Voreinstellung (LSA-Beispielauswertung): 81 / 52 / 104,5 / 98. Konvention, keine physiologische Größe.
A24: 8
A25: 9 | H25: Bereichsgrenzen manuell (leer = Regel)
A26: 10 | H26: ="A0|A1 ["&k_unit&"]"
A27: 11 | H27: ="A1|A2 (sonst = LT1) ["&k_unit&"]"
A28: 12 | H28: ="A2|A3 ["&k_unit&"]"
A29: 13 | H29: ="A3|A4 ["&k_unit&"]"
A30: 14 | H30: ="A4 Ende ["&k_unit&"]"
A31: 15
A32: 16 | H32: Beispieldaten: Blatt „Beispiele“. Zum Speichern eines Tests die Datei unter neuem Namen sichern.
A33: 17
A34: 18
A35: 19
A36: 20
A38: Zeit als Text eingeben (z. B. 03:00). Glukose wird nur ausgewertet, wenn rechts „Glukose je Stufe erfassen = Ja“.

Sheet Auswertung
A1: =IF(Eingabe!$B$4<>"",Eingabe!$B$4&IF(ISNUMBER(Eingabe!$B$6)," · Test vom "&TEXT(Eingabe!$B$6,"DD.MM.YYYY"),""),"Laktatdiagnostik – Auswertung")
A2: Stufentest-Auswertung mit LT1/LT2, Modellvergleich und Trainingsbereichen. Alle Werte berechnen sich aus dem Blatt „Eingabe“.
A3: =IF(k_ok,"",k_err)
A5: Schwellen
B6: LT1 | C6: LT2 | D6: Maximum
A7: Verfahren | B7: =IF(k_ok,Eingabe!$I$5&IF(k_man1," (manuell)",""),"–") | C7: =IF(k_ok,Eingabe!$I$6&IF(k_man2," (manuell)",""),"–") | D7: ="letzte Stufe"
A8: ="Belastung ["&k_unit&"]" | B8: =IF(ISNUMBER(k_x1),ROUND(k_x1,k_xd),"–") | C8: =IF(ISNUMBER(k_x2),ROUND(k_x2,k_xd),"–") | D8: =IF(k_ok,ROUND(k_hi,k_xd),"–")
A9: Pace [min/km] | B9: =IF(k_run,IF(N(k_x1)>0,INT(ROUND(3600/(k_x1),0)/60)&":"&TEXT(MOD(ROUND(3600/(k_x1),0),60),"00"),"–"),"–") | C9: =IF(k_run,IF(N(k_x2)>0,INT(ROUND(3600/(k_x2),0)/60)&":"&TEXT(MOD(ROUND(3600/(k_x2),0),60),"00"),"–"),"–") | D9: =IF(AND(k_ok,k_run),IF(N(k_hi)>0,INT(ROUND(3600/(k_hi),0)/60)&":"&TEXT(MOD(ROUND(3600/(k_hi),0),60),"00"),"–"),"–")
A10: Geschwindigkeit [m/s] | B10: =IF(AND(k_run,ISNUMBER(k_x1)),ROUND(k_x1/3.6,2),"–") | C10: =IF(AND(k_run,ISNUMBER(k_x2)),ROUND(k_x2/3.6,2),"–") | D10: =IF(AND(k_ok,k_run),ROUND(k_hi/3.6,2),"–")
A11: Laktat [mmol/L] | B11: =IF(ISNUMBER(k_la1),ROUND(k_la1,2),"–") | C11: =IF(ISNUMBER(k_la2),ROUND(k_la2,2),"–") | D11: =IF(k_ok,k_lamax,"–")
A12: Herzfrequenz [1/min] | B12: =IF(ISNUMBER(k_hr1),ROUND(k_hr1,0),"–") | C12: =IF(ISNUMBER(k_hr2),ROUND(k_hr2,0),"–") | D12: =IF(ISNUMBER(k_hrmax),k_hrmax,"–")
A13: % HFmax | B13: =IF(AND(ISNUMBER(k_hr1),ISNUMBER(k_hrmax)),ROUND(k_hr1/k_hrmax*100,1),"–") | C13: =IF(AND(ISNUMBER(k_hr2),ISNUMBER(k_hrmax)),ROUND(k_hr2/k_hrmax*100,1),"–") | D13: =IF(ISNUMBER(k_hrmax),100,"–")
A14: Anteil vmax [%] | B14: =IF(ISNUMBER(k_x1),ROUND(k_x1/k_hi*100,1),"–") | C14: =IF(ISNUMBER(k_x2),ROUND(k_x2/k_hi*100,1),"–") | D14: =IF(k_ok,100,"–")
A15: Ruhelaktat [mmol/L] | B15: ="–" | C15: ="–" | D15: =IF(ISNUMBER(k_rest),k_rest,"–")
A16: ="LT2 − LT1 ["&k_unit&"]" | B16: ="–" | C16: ="–" | D16: =IF(AND(ISNUMBER(k_x1),ISNUMBER(k_x2)),ROUND(k_x2-k_x1,k_xd),"–")
A17: Algorithmus (vor manueller Korrektur) | B17: =IF(ISNUMBER(k_a1x),ROUND(k_a1x,k_xd),"–") | C17: =IF(ISNUMBER(k_a2x),ROUND(k_a2x,k_xd),"–") | D17: =""
A18: Manuelle Korrektur von LT1/LT2 und Bereichsgrenzen im Blatt „Eingabe“ (Spalte I).
A20: Hinweise zur Auswertung
A21: =IFERROR(INDEX(Calc!$B$190:$B$204,MATCH(1,Calc!$C$190:$C$204,0)),"")
A22: =IFERROR(INDEX(Calc!$B$190:$B$204,MATCH(2,Calc!$C$190:$C$204,0)),"")
A23: =IFERROR(INDEX(Calc!$B$190:$B$204,MATCH(3,Calc!$C$190:$C$204,0)),"")
A24: =IFERROR(INDEX(Calc!$B$190:$B$204,MATCH(4,Calc!$C$190:$C$204,0)),"")
A25: =IFERROR(INDEX(Calc!$B$190:$B$204,MATCH(5,Calc!$C$190:$C$204,0)),"")
A26: =IFERROR(INDEX(Calc!$B$190:$B$204,MATCH(6,Calc!$C$190:$C$204,0)),"")
A27: =IFERROR(INDEX(Calc!$B$190:$B$204,MATCH(7,Calc!$C$190:$C$204,0)),"")
A28: =IFERROR(INDEX(Calc!$B$190:$B$204,MATCH(8,Calc!$C$190:$C$204,0)),"")
A29: =IFERROR(INDEX(Calc!$B$190:$B$204,MATCH(9,Calc!$C$190:$C$204,0)),"")
A30: =IFERROR(INDEX(Calc!$B$190:$B$204,MATCH(10,Calc!$C$190:$C$204,0)),"")
A31: =IFERROR(INDEX(Calc!$B$190:$B$204,MATCH(11,Calc!$C$190:$C$204,0)),"")
A32: =IFERROR(INDEX(Calc!$B$190:$B$204,MATCH(12,Calc!$C$190:$C$204,0)),"")
A33: =IFERROR(INDEX(Calc!$B$190:$B$204,MATCH(13,Calc!$C$190:$C$204,0)),"")
A34: =IFERROR(INDEX(Calc!$B$190:$B$204,MATCH(14,Calc!$C$190:$C$204,0)),"")
A35: =IFERROR(INDEX(Calc!$B$190:$B$204,MATCH(15,Calc!$C$190:$C$204,0)),"")
A37: Trainingsbereiche
A38: Trainingsbereich | B38: HF von | C38: HF bis | D38: ="Belastung von ["&k_unit&"]" | E38: ="Belastung bis ["&k_unit&"]" | F38: Pace von | G38: Pace bis | H38: Laktat bis | I38: manuell
A39: A0 · Regeneration/Kompensation | B39: ="" | C39: =IF(k_zok,IFERROR(ROUND(IF(k_hrok,k_h0+k_h1*(k_z0)+k_h2*(k_z0)^2,""),0),"–"),"–") | D39: ="" | E39: =IF(k_zok,ROUND(k_z0,k_xd),"–") | F39: ="" | G39: =IF(AND(k_zok,k_run),IF(N(k_z0)>0,INT(ROUND(3600/(k_z0),0)/60)&":"&TEXT(MOD(ROUND(3600/(k_z0),0),60),"00"),"–"),"") | H39: =IF(k_zok,ROUND(IF(k_mexp,k_ea+k_eb*EXP(k_ec*((MIN(k_z0,k_hi))-k_mx)/k_sx),k_s0+((MIN(k_z0,k_hi))-k_mx)/k_sx*(k_s1+((MIN(k_z0,k_hi))-k_mx)/k_sx*(k_s2+((MIN(k_z0,k_hi))-k_mx)/k_sx*(k_s3+((MIN(k_z0,k_hi))-k_mx)/k_sx*k_s4)))),2),"–") | I39: =IF(k_zm0,"• manuell",IF(0=1,"folgt LT1",""))
A40: A1 · Extensives Ausdauertraining 1 | B40: =IF(AND(k_zok,1>0),IFERROR(ROUND(IF(k_hrok,k_h0+k_h1*(k_z0)+k_h2*(k_z0)^2,""),0),"–"),"") | C40: =IF(k_zok,IFERROR(ROUND(IF(k_hrok,k_h0+k_h1*(k_z1)+k_h2*(k_z1)^2,""),0),"–"),"–") | D40: =IF(AND(k_zok,1>0),ROUND(k_z0,k_xd),"") | E40: =IF(k_zok,ROUND(k_z1,k_xd),"–") | F40: =IF(AND(k_zok,k_run),IF(N(k_z0)>0,INT(ROUND(3600/(k_z0),0)/60)&":"&TEXT(MOD(ROUND(3600/(k_z0),0),60),"00"),"–"),"") | G40: =IF(AND(k_zok,k_run),IF(N(k_z1)>0,INT(ROUND(3600/(k_z1),0)/60)&":"&TEXT(MOD(ROUND(3600/(k_z1),0),60),"00"),"–"),"") | H40: =IF(k_zok,ROUND(IF(k_mexp,k_ea+k_eb*EXP(k_ec*((MIN(k_z1,k_hi))-k_mx)/k_sx),k_s0+((MIN(k_z1,k_hi))-k_mx)/k_sx*(k_s1+((MIN(k_z1,k_hi))-k_mx)/k_sx*(k_s2+((MIN(k_z1,k_hi))-k_mx)/k_sx*(k_s3+((MIN(k_z1,k_hi))-k_mx)/k_sx*k_s4)))),2),"–") | I40: =IF(k_zm1,"• manuell",IF(1=1,"folgt LT1",""))
A41: A2 · Extensives Ausdauertraining 2 | B41: =IF(AND(k_zok,2>0),IFERROR(ROUND(IF(k_hrok,k_h0+k_h1*(k_z1)+k_h2*(k_z1)^2,""),0),"–"),"") | C41: =IF(k_zok,IFERROR(ROUND(IF(k_hrok,k_h0+k_h1*(k_z2)+k_h2*(k_z2)^2,""),0),"–"),"–") | D41: =IF(AND(k_zok,2>0),ROUND(k_z1,k_xd),"") | E41: =IF(k_zok,ROUND(k_z2,k_xd),"–") | F41: =IF(AND(k_zok,k_run),IF(N(k_z1)>0,INT(ROUND(3600/(k_z1),0)/60)&":"&TEXT(MOD(ROUND(3600/(k_z1),0),60),"00"),"–"),"") | G41: =IF(AND(k_zok,k_run),IF(N(k_z2)>0,INT(ROUND(3600/(k_z2),0)/60)&":"&TEXT(MOD(ROUND(3600/(k_z2),0),60),"00"),"–"),"") | H41: =IF(k_zok,ROUND(IF(k_mexp,k_ea+k_eb*EXP(k_ec*((MIN(k_z2,k_hi))-k_mx)/k_sx),k_s0+((MIN(k_z2,k_hi))-k_mx)/k_sx*(k_s1+((MIN(k_z2,k_hi))-k_mx)/k_sx*(k_s2+((MIN(k_z2,k_hi))-k_mx)/k_sx*(k_s3+((MIN(k_z2,k_hi))-k_mx)/k_sx*k_s4)))),2),"–") | I41: =IF(k_zm2,"• manuell",IF(2=1,"folgt LT1",""))
A42: A3 · Intensives Ausdauertraining | B42: =IF(AND(k_zok,3>0),IFERROR(ROUND(IF(k_hrok,k_h0+k_h1*(k_z2)+k_h2*(k_z2)^2,""),0),"–"),"") | C42: =IF(k_zok,IFERROR(ROUND(IF(k_hrok,k_h0+k_h1*(k_z3)+k_h2*(k_z3)^2,""),0),"–"),"–") | D42: =IF(AND(k_zok,3>0),ROUND(k_z2,k_xd),"") | E42: =IF(k_zok,ROUND(k_z3,k_xd),"–") | F42: =IF(AND(k_zok,k_run),IF(N(k_z2)>0,INT(ROUND(3600/(k_z2),0)/60)&":"&TEXT(MOD(ROUND(3600/(k_z2),0),60),"00"),"–"),"") | G42: =IF(AND(k_zok,k_run),IF(N(k_z3)>0,INT(ROUND(3600/(k_z3),0)/60)&":"&TEXT(MOD(ROUND(3600/(k_z3),0),60),"00"),"–"),"") | H42: =IF(k_zok,ROUND(IF(k_mexp,k_ea+k_eb*EXP(k_ec*((MIN(k_z3,k_hi))-k_mx)/k_sx),k_s0+((MIN(k_z3,k_hi))-k_mx)/k_sx*(k_s1+((MIN(k_z3,k_hi))-k_mx)/k_sx*(k_s2+((MIN(k_z3,k_hi))-k_mx)/k_sx*(k_s3+((MIN(k_z3,k_hi))-k_mx)/k_sx*k_s4)))),2),"–") | I42: =IF(k_zm3,"• manuell",IF(3=1,"folgt LT1",""))
A43: A4 · Entwicklungsbereich | B43: =IF(AND(k_zok,4>0),IFERROR(ROUND(IF(k_hrok,k_h0+k_h1*(k_z3)+k_h2*(k_z3)^2,""),0),"–"),"") | C43: =IF(k_zok,IFERROR(ROUND(IF(k_hrok,k_h0+k_h1*(k_z4)+k_h2*(k_z4)^2,""),0),"–"),"–") | D43: =IF(AND(k_zok,4>0),ROUND(k_z3,k_xd),"") | E43: =IF(k_zok,ROUND(k_z4,k_xd),"–") | F43: =IF(AND(k_zok,k_run),IF(N(k_z3)>0,INT(ROUND(3600/(k_z3),0)/60)&":"&TEXT(MOD(ROUND(3600/(k_z3),0),60),"00"),"–"),"") | G43: =IF(AND(k_zok,k_run),IF(N(k_z4)>0,INT(ROUND(3600/(k_z4),0)/60)&":"&TEXT(MOD(ROUND(3600/(k_z4),0),60),"00"),"–"),"") | H43: =IF(k_zok,ROUND(IF(k_mexp,k_ea+k_eb*EXP(k_ec*((MIN(k_z4,k_hi))-k_mx)/k_sx),k_s0+((MIN(k_z4,k_hi))-k_mx)/k_sx*(k_s1+((MIN(k_z4,k_hi))-k_mx)/k_sx*(k_s2+((MIN(k_z4,k_hi))-k_mx)/k_sx*(k_s3+((MIN(k_z4,k_hi))-k_mx)/k_sx*k_s4)))),2),"–") | I43: =IF(k_zm4,"• manuell",IF(4=1,"folgt LT1",""))
A44: Grenzen: A1 ab % LT1, A1|A2 = LT1, A2 bis % der Strecke LT1→LT2, A3 bis % LT2, A4 bis % vmax (Regeln im Blatt „Eingabe“). HF aus dem HF-Modell.
A46: Tabellarische Aufstellung
A47: Laktat [mmol/L] | B47: ="Belastung ["&k_unit&"]" | C47: Pace [min/km] | D47: Belastung [m/s] | E47: HF [1/min]
A48: =IFERROR(INDEX(Calc!$A$208:$A$247,MATCH(1,Calc!$F$208:$F$247,0)),"") | B48: =IFERROR(ROUND(INDEX(Calc!$D$208:$D$247,MATCH(1,Calc!$F$208:$F$247,0)),k_xd),"") | C48: =IF(AND(k_run,ISNUMBER(B48)),IF(N(INDEX(Calc!$D$208:$D$247,MATCH(1,Calc!$F$208:$F$247,0)))>0,INT(ROUND(3600/(INDEX(Calc!$D$208:$D$247,MATCH(1,Calc!$F$208:$F$247,0))),0)/60)&":"&TEXT(MOD(ROUND(3600/(INDEX(Calc!$D$208:$D$247,MATCH(1,Calc!$F$208:$F$247,0))),0),60),"00"),"–"),"") | D48: =IF(AND(k_run,ISNUMBER(B48)),ROUND(INDEX(Calc!$D$208:$D$247,MATCH(1,Calc!$F$208:$F$247,0))/3.6,2),"") | E48: =IF(ISNUMBER(B48),IFERROR(ROUND(IF(k_hrok,k_h0+k_h1*(INDEX(Calc!$D$208:$D$247,MATCH(1,Calc!$F$208:$F$247,0)))+k_h2*(INDEX(Calc!$D$208:$D$247,MATCH(1,Calc!$F$208:$F$247,0)))^2,""),0),"–"),"")
A49: =IFERROR(INDEX(Calc!$A$208:$A$247,MATCH(2,Calc!$F$208:$F$247,0)),"") | B49: =IFERROR(ROUND(INDEX(Calc!$D$208:$D$247,MATCH(2,Calc!$F$208:$F$247,0)),k_xd),"") | C49: =IF(AND(k_run,ISNUMBER(B49)),IF(N(INDEX(Calc!$D$208:$D$247,MATCH(2,Calc!$F$208:$F$247,0)))>0,INT(ROUND(3600/(INDEX(Calc!$D$208:$D$247,MATCH(2,Calc!$F$208:$F$247,0))),0)/60)&":"&TEXT(MOD(ROUND(3600/(INDEX(Calc!$D$208:$D$247,MATCH(2,Calc!$F$208:$F$247,0))),0),60),"00"),"–"),"") | D49: =IF(AND(k_run,ISNUMBER(B49)),ROUND(INDEX(Calc!$D$208:$D$247,MATCH(2,Calc!$F$208:$F$247,0))/3.6,2),"") | E49: =IF(ISNUMBER(B49),IFERROR(ROUND(IF(k_hrok,k_h0+k_h1*(INDEX(Calc!$D$208:$D$247,MATCH(2,Calc!$F$208:$F$247,0)))+k_h2*(INDEX(Calc!$D$208:$D$247,MATCH(2,Calc!$F$208:$F$247,0)))^2,""),0),"–"),"")
A50: =IFERROR(INDEX(Calc!$A$208:$A$247,MATCH(3,Calc!$F$208:$F$247,0)),"") | B50: =IFERROR(ROUND(INDEX(Calc!$D$208:$D$247,MATCH(3,Calc!$F$208:$F$247,0)),k_xd),"") | C50: =IF(AND(k_run,ISNUMBER(B50)),IF(N(INDEX(Calc!$D$208:$D$247,MATCH(3,Calc!$F$208:$F$247,0)))>0,INT(ROUND(3600/(INDEX(Calc!$D$208:$D$247,MATCH(3,Calc!$F$208:$F$247,0))),0)/60)&":"&TEXT(MOD(ROUND(3600/(INDEX(Calc!$D$208:$D$247,MATCH(3,Calc!$F$208:$F$247,0))),0),60),"00"),"–"),"") | D50: =IF(AND(k_run,ISNUMBER(B50)),ROUND(INDEX(Calc!$D$208:$D$247,MATCH(3,Calc!$F$208:$F$247,0))/3.6,2),"") | E50: =IF(ISNUMBER(B50),IFERROR(ROUND(IF(k_hrok,k_h0+k_h1*(INDEX(Calc!$D$208:$D$247,MATCH(3,Calc!$F$208:$F$247,0)))+k_h2*(INDEX(Calc!$D$208:$D$247,MATCH(3,Calc!$F$208:$F$247,0)))^2,""),0),"–"),"")
A51: =IFERROR(INDEX(Calc!$A$208:$A$247,MATCH(4,Calc!$F$208:$F$247,0)),"") | B51: =IFERROR(ROUND(INDEX(Calc!$D$208:$D$247,MATCH(4,Calc!$F$208:$F$247,0)),k_xd),"") | C51: =IF(AND(k_run,ISNUMBER(B51)),IF(N(INDEX(Calc!$D$208:$D$247,MATCH(4,Calc!$F$208:$F$247,0)))>0,INT(ROUND(3600/(INDEX(Calc!$D$208:$D$247,MATCH(4,Calc!$F$208:$F$247,0))),0)/60)&":"&TEXT(MOD(ROUND(3600/(INDEX(Calc!$D$208:$D$247,MATCH(4,Calc!$F$208:$F$247,0))),0),60),"00"),"–"),"") | D51: =IF(AND(k_run,ISNUMBER(B51)),ROUND(INDEX(Calc!$D$208:$D$247,MATCH(4,Calc!$F$208:$F$247,0))/3.6,2),"") | E51: =IF(ISNUMBER(B51),IFERROR(ROUND(IF(k_hrok,k_h0+k_h1*(INDEX(Calc!$D$208:$D$247,MATCH(4,Calc!$F$208:$F$247,0)))+k_h2*(INDEX(Calc!$D$208:$D$247,MATCH(4,Calc!$F$208:$F$247,0)))^2,""),0),"–"),"")
A52: =IFERROR(INDEX(Calc!$A$208:$A$247,MATCH(5,Calc!$F$208:$F$247,0)),"") | B52: =IFERROR(ROUND(INDEX(Calc!$D$208:$D$247,MATCH(5,Calc!$F$208:$F$247,0)),k_xd),"") | C52: =IF(AND(k_run,ISNUMBER(B52)),IF(N(INDEX(Calc!$D$208:$D$247,MATCH(5,Calc!$F$208:$F$247,0)))>0,INT(ROUND(3600/(INDEX(Calc!$D$208:$D$247,MATCH(5,Calc!$F$208:$F$247,0))),0)/60)&":"&TEXT(MOD(ROUND(3600/(INDEX(Calc!$D$208:$D$247,MATCH(5,Calc!$F$208:$F$247,0))),0),60),"00"),"–"),"") | D52: =IF(AND(k_run,ISNUMBER(B52)),ROUND(INDEX(Calc!$D$208:$D$247,MATCH(5,Calc!$F$208:$F$247,0))/3.6,2),"") | E52: =IF(ISNUMBER(B52),IFERROR(ROUND(IF(k_hrok,k_h0+k_h1*(INDEX(Calc!$D$208:$D$247,MATCH(5,Calc!$F$208:$F$247,0)))+k_h2*(INDEX(Calc!$D$208:$D$247,MATCH(5,Calc!$F$208:$F$247,0)))^2,""),0),"–"),"")
A53: =IFERROR(INDEX(Calc!$A$208:$A$247,MATCH(6,Calc!$F$208:$F$247,0)),"") | B53: =IFERROR(ROUND(INDEX(Calc!$D$208:$D$247,MATCH(6,Calc!$F$208:$F$247,0)),k_xd),"") | C53: =IF(AND(k_run,ISNUMBER(B53)),IF(N(INDEX(Calc!$D$208:$D$247,MATCH(6,Calc!$F$208:$F$247,0)))>0,INT(ROUND(3600/(INDEX(Calc!$D$208:$D$247,MATCH(6,Calc!$F$208:$F$247,0))),0)/60)&":"&TEXT(MOD(ROUND(3600/(INDEX(Calc!$D$208:$D$247,MATCH(6,Calc!$F$208:$F$247,0))),0),60),"00"),"–"),"") | D53: =IF(AND(k_run,ISNUMBER(B53)),ROUND(INDEX(Calc!$D$208:$D$247,MATCH(6,Calc!$F$208:$F$247,0))/3.6,2),"") | E53: =IF(ISNUMBER(B53),IFERROR(ROUND(IF(k_hrok,k_h0+k_h1*(INDEX(Calc!$D$208:$D$247,MATCH(6,Calc!$F$208:$F$247,0)))+k_h2*(INDEX(Calc!$D$208:$D$247,MATCH(6,Calc!$F$208:$F$247,0)))^2,""),0),"–"),"")
A54: =IFERROR(INDEX(Calc!$A$208:$A$247,MATCH(7,Calc!$F$208:$F$247,0)),"") | B54: =IFERROR(ROUND(INDEX(Calc!$D$208:$D$247,MATCH(7,Calc!$F$208:$F$247,0)),k_xd),"") | C54: =IF(AND(k_run,ISNUMBER(B54)),IF(N(INDEX(Calc!$D$208:$D$247,MATCH(7,Calc!$F$208:$F$247,0)))>0,INT(ROUND(3600/(INDEX(Calc!$D$208:$D$247,MATCH(7,Calc!$F$208:$F$247,0))),0)/60)&":"&TEXT(MOD(ROUND(3600/(INDEX(Calc!$D$208:$D$247,MATCH(7,Calc!$F$208:$F$247,0))),0),60),"00"),"–"),"") | D54: =IF(AND(k_run,ISNUMBER(B54)),ROUND(INDEX(Calc!$D$208:$D$247,MATCH(7,Calc!$F$208:$F$247,0))/3.6,2),"") | E54: =IF(ISNUMBER(B54),IFERROR(ROUND(IF(k_hrok,k_h0+k_h1*(INDEX(Calc!$D$208:$D$247,MATCH(7,Calc!$F$208:$F$247,0)))+k_h2*(INDEX(Calc!$D$208:$D$247,MATCH(7,Calc!$F$208:$F$247,0)))^2,""),0),"–"),"")
A55: =IFERROR(INDEX(Calc!$A$208:$A$247,MATCH(8,Calc!$F$208:$F$247,0)),"") | B55: =IFERROR(ROUND(INDEX(Calc!$D$208:$D$247,MATCH(8,Calc!$F$208:$F$247,0)),k_xd),"") | C55: =IF(AND(k_run,ISNUMBER(B55)),IF(N(INDEX(Calc!$D$208:$D$247,MATCH(8,Calc!$F$208:$F$247,0)))>0,INT(ROUND(3600/(INDEX(Calc!$D$208:$D$247,MATCH(8,Calc!$F$208:$F$247,0))),0)/60)&":"&TEXT(MOD(ROUND(3600/(INDEX(Calc!$D$208:$D$247,MATCH(8,Calc!$F$208:$F$247,0))),0),60),"00"),"–"),"") | D55: =IF(AND(k_run,ISNUMBER(B55)),ROUND(INDEX(Calc!$D$208:$D$247,MATCH(8,Calc!$F$208:$F$247,0))/3.6,2),"") | E55: =IF(ISNUMBER(B55),IFERROR(ROUND(IF(k_hrok,k_h0+k_h1*(INDEX(Calc!$D$208:$D$247,MATCH(8,Calc!$F$208:$F$247,0)))+k_h2*(INDEX(Calc!$D$208:$D$247,MATCH(8,Calc!$F$208:$F$247,0)))^2,""),0),"–"),"")
A56: =IFERROR(INDEX(Calc!$A$208:$A$247,MATCH(9,Calc!$F$208:$F$247,0)),"") | B56: =IFERROR(ROUND(INDEX(Calc!$D$208:$D$247,MATCH(9,Calc!$F$208:$F$247,0)),k_xd),"") | C56: =IF(AND(k_run,ISNUMBER(B56)),IF(N(INDEX(Calc!$D$208:$D$247,MATCH(9,Calc!$F$208:$F$247,0)))>0,INT(ROUND(3600/(INDEX(Calc!$D$208:$D$247,MATCH(9,Calc!$F$208:$F$247,0))),0)/60)&":"&TEXT(MOD(ROUND(3600/(INDEX(Calc!$D$208:$D$247,MATCH(9,Calc!$F$208:$F$247,0))),0),60),"00"),"–"),"") | D56: =IF(AND(k_run,ISNUMBER(B56)),ROUND(INDEX(Calc!$D$208:$D$247,MATCH(9,Calc!$F$208:$F$247,0))/3.6,2),"") | E56: =IF(ISNUMBER(B56),IFERROR(ROUND(IF(k_hrok,k_h0+k_h1*(INDEX(Calc!$D$208:$D$247,MATCH(9,Calc!$F$208:$F$247,0)))+k_h2*(INDEX(Calc!$D$208:$D$247,MATCH(9,Calc!$F$208:$F$247,0)))^2,""),0),"–"),"")
A57: =IFERROR(INDEX(Calc!$A$208:$A$247,MATCH(10,Calc!$F$208:$F$247,0)),"") | B57: =IFERROR(ROUND(INDEX(Calc!$D$208:$D$247,MATCH(10,Calc!$F$208:$F$247,0)),k_xd),"") | C57: =IF(AND(k_run,ISNUMBER(B57)),IF(N(INDEX(Calc!$D$208:$D$247,MATCH(10,Calc!$F$208:$F$247,0)))>0,INT(ROUND(3600/(INDEX(Calc!$D$208:$D$247,MATCH(10,Calc!$F$208:$F$247,0))),0)/60)&":"&TEXT(MOD(ROUND(3600/(INDEX(Calc!$D$208:$D$247,MATCH(10,Calc!$F$208:$F$247,0))),0),60),"00"),"–"),"") | D57: =IF(AND(k_run,ISNUMBER(B57)),ROUND(INDEX(Calc!$D$208:$D$247,MATCH(10,Calc!$F$208:$F$247,0))/3.6,2),"") | E57: =IF(ISNUMBER(B57),IFERROR(ROUND(IF(k_hrok,k_h0+k_h1*(INDEX(Calc!$D$208:$D$247,MATCH(10,Calc!$F$208:$F$247,0)))+k_h2*(INDEX(Calc!$D$208:$D$247,MATCH(10,Calc!$F$208:$F$247,0)))^2,""),0),"–"),"")
A58: =IFERROR(INDEX(Calc!$A$208:$A$247,MATCH(11,Calc!$F$208:$F$247,0)),"") | B58: =IFERROR(ROUND(INDEX(Calc!$D$208:$D$247,MATCH(11,Calc!$F$208:$F$247,0)),k_xd),"") | C58: =IF(AND(k_run,ISNUMBER(B58)),IF(N(INDEX(Calc!$D$208:$D$247,MATCH(11,Calc!$F$208:$F$247,0)))>0,INT(ROUND(3600/(INDEX(Calc!$D$208:$D$247,MATCH(11,Calc!$F$208:$F$247,0))),0)/60)&":"&TEXT(MOD(ROUND(3600/(INDEX(Calc!$D$208:$D$247,MATCH(11,Calc!$F$208:$F$247,0))),0),60),"00"),"–"),"") | D58: =IF(AND(k_run,ISNUMBER(B58)),ROUND(INDEX(Calc!$D$208:$D$247,MATCH(11,Calc!$F$208:$F$247,0))/3.6,2),"") | E58: =IF(ISNUMBER(B58),IFERROR(ROUND(IF(k_hrok,k_h0+k_h1*(INDEX(Calc!$D$208:$D$247,MATCH(11,Calc!$F$208:$F$247,0)))+k_h2*(INDEX(Calc!$D$208:$D$247,MATCH(11,Calc!$F$208:$F$247,0)))^2,""),0),"–"),"")
A59: =IFERROR(INDEX(Calc!$A$208:$A$247,MATCH(12,Calc!$F$208:$F$247,0)),"") | B59: =IFERROR(ROUND(INDEX(Calc!$D$208:$D$247,MATCH(12,Calc!$F$208:$F$247,0)),k_xd),"") | C59: =IF(AND(k_run,ISNUMBER(B59)),IF(N(INDEX(Calc!$D$208:$D$247,MATCH(12,Calc!$F$208:$F$247,0)))>0,INT(ROUND(3600/(INDEX(Calc!$D$208:$D$247,MATCH(12,Calc!$F$208:$F$247,0))),0)/60)&":"&TEXT(MOD(ROUND(3600/(INDEX(Calc!$D$208:$D$247,MATCH(12,Calc!$F$208:$F$247,0))),0),60),"00"),"–"),"") | D59: =IF(AND(k_run,ISNUMBER(B59)),ROUND(INDEX(Calc!$D$208:$D$247,MATCH(12,Calc!$F$208:$F$247,0))/3.6,2),"") | E59: =IF(ISNUMBER(B59),IFERROR(ROUND(IF(k_hrok,k_h0+k_h1*(INDEX(Calc!$D$208:$D$247,MATCH(12,Calc!$F$208:$F$247,0)))+k_h2*(INDEX(Calc!$D$208:$D$247,MATCH(12,Calc!$F$208:$F$247,0)))^2,""),0),"–"),"")
A60: =IFERROR(INDEX(Calc!$A$208:$A$247,MATCH(13,Calc!$F$208:$F$247,0)),"") | B60: =IFERROR(ROUND(INDEX(Calc!$D$208:$D$247,MATCH(13,Calc!$F$208:$F$247,0)),k_xd),"") | C60: =IF(AND(k_run,ISNUMBER(B60)),IF(N(INDEX(Calc!$D$208:$D$247,MATCH(13,Calc!$F$208:$F$247,0)))>0,INT(ROUND(3600/(INDEX(Calc!$D$208:$D$247,MATCH(13,Calc!$F$208:$F$247,0))),0)/60)&":"&TEXT(MOD(ROUND(3600/(INDEX(Calc!$D$208:$D$247,MATCH(13,Calc!$F$208:$F$247,0))),0),60),"00"),"–"),"") | D60: =IF(AND(k_run,ISNUMBER(B60)),ROUND(INDEX(Calc!$D$208:$D$247,MATCH(13,Calc!$F$208:$F$247,0))/3.6,2),"") | E60: =IF(ISNUMBER(B60),IFERROR(ROUND(IF(k_hrok,k_h0+k_h1*(INDEX(Calc!$D$208:$D$247,MATCH(13,Calc!$F$208:$F$247,0)))+k_h2*(INDEX(Calc!$D$208:$D$247,MATCH(13,Calc!$F$208:$F$247,0)))^2,""),0),"–"),"")
A61: =IFERROR(INDEX(Calc!$A$208:$A$247,MATCH(14,Calc!$F$208:$F$247,0)),"") | B61: =IFERROR(ROUND(INDEX(Calc!$D$208:$D$247,MATCH(14,Calc!$F$208:$F$247,0)),k_xd),"") | C61: =IF(AND(k_run,ISNUMBER(B61)),IF(N(INDEX(Calc!$D$208:$D$247,MATCH(14,Calc!$F$208:$F$247,0)))>0,INT(ROUND(3600/(INDEX(Calc!$D$208:$D$247,MATCH(14,Calc!$F$208:$F$247,0))),0)/60)&":"&TEXT(MOD(ROUND(3600/(INDEX(Calc!$D$208:$D$247,MATCH(14,Calc!$F$208:$F$247,0))),0),60),"00"),"–"),"") | D61: =IF(AND(k_run,ISNUMBER(B61)),ROUND(INDEX(Calc!$D$208:$D$247,MATCH(14,Calc!$F$208:$F$247,0))/3.6,2),"") | E61: =IF(ISNUMBER(B61),IFERROR(ROUND(IF(k_hrok,k_h0+k_h1*(INDEX(Calc!$D$208:$D$247,MATCH(14,Calc!$F$208:$F$247,0)))+k_h2*(INDEX(Calc!$D$208:$D$247,MATCH(14,Calc!$F$208:$F$247,0)))^2,""),0),"–"),"")
A62: =IFERROR(INDEX(Calc!$A$208:$A$247,MATCH(15,Calc!$F$208:$F$247,0)),"") | B62: =IFERROR(ROUND(INDEX(Calc!$D$208:$D$247,MATCH(15,Calc!$F$208:$F$247,0)),k_xd),"") | C62: =IF(AND(k_run,ISNUMBER(B62)),IF(N(INDEX(Calc!$D$208:$D$247,MATCH(15,Calc!$F$208:$F$247,0)))>0,INT(ROUND(3600/(INDEX(Calc!$D$208:$D$247,MATCH(15,Calc!$F$208:$F$247,0))),0)/60)&":"&TEXT(MOD(ROUND(3600/(INDEX(Calc!$D$208:$D$247,MATCH(15,Calc!$F$208:$F$247,0))),0),60),"00"),"–"),"") | D62: =IF(AND(k_run,ISNUMBER(B62)),ROUND(INDEX(Calc!$D$208:$D$247,MATCH(15,Calc!$F$208:$F$247,0))/3.6,2),"") | E62: =IF(ISNUMBER(B62),IFERROR(ROUND(IF(k_hrok,k_h0+k_h1*(INDEX(Calc!$D$208:$D$247,MATCH(15,Calc!$F$208:$F$247,0)))+k_h2*(INDEX(Calc!$D$208:$D$247,MATCH(15,Calc!$F$208:$F$247,0)))^2,""),0),"–"),"")
A63: =IFERROR(INDEX(Calc!$A$208:$A$247,MATCH(16,Calc!$F$208:$F$247,0)),"") | B63: =IFERROR(ROUND(INDEX(Calc!$D$208:$D$247,MATCH(16,Calc!$F$208:$F$247,0)),k_xd),"") | C63: =IF(AND(k_run,ISNUMBER(B63)),IF(N(INDEX(Calc!$D$208:$D$247,MATCH(16,Calc!$F$208:$F$247,0)))>0,INT(ROUND(3600/(INDEX(Calc!$D$208:$D$247,MATCH(16,Calc!$F$208:$F$247,0))),0)/60)&":"&TEXT(MOD(ROUND(3600/(INDEX(Calc!$D$208:$D$247,MATCH(16,Calc!$F$208:$F$247,0))),0),60),"00"),"–"),"") | D63: =IF(AND(k_run,ISNUMBER(B63)),ROUND(INDEX(Calc!$D$208:$D$247,MATCH(16,Calc!$F$208:$F$247,0))/3.6,2),"") | E63: =IF(ISNUMBER(B63),IFERROR(ROUND(IF(k_hrok,k_h0+k_h1*(INDEX(Calc!$D$208:$D$247,MATCH(16,Calc!$F$208:$F$247,0)))+k_h2*(INDEX(Calc!$D$208:$D$247,MATCH(16,Calc!$F$208:$F$247,0)))^2,""),0),"–"),"")
A64: =IFERROR(INDEX(Calc!$A$208:$A$247,MATCH(17,Calc!$F$208:$F$247,0)),"") | B64: =IFERROR(ROUND(INDEX(Calc!$D$208:$D$247,MATCH(17,Calc!$F$208:$F$247,0)),k_xd),"") | C64: =IF(AND(k_run,ISNUMBER(B64)),IF(N(INDEX(Calc!$D$208:$D$247,MATCH(17,Calc!$F$208:$F$247,0)))>0,INT(ROUND(3600/(INDEX(Calc!$D$208:$D$247,MATCH(17,Calc!$F$208:$F$247,0))),0)/60)&":"&TEXT(MOD(ROUND(3600/(INDEX(Calc!$D$208:$D$247,MATCH(17,Calc!$F$208:$F$247,0))),0),60),"00"),"–"),"") | D64: =IF(AND(k_run,ISNUMBER(B64)),ROUND(INDEX(Calc!$D$208:$D$247,MATCH(17,Calc!$F$208:$F$247,0))/3.6,2),"") | E64: =IF(ISNUMBER(B64),IFERROR(ROUND(IF(k_hrok,k_h0+k_h1*(INDEX(Calc!$D$208:$D$247,MATCH(17,Calc!$F$208:$F$247,0)))+k_h2*(INDEX(Calc!$D$208:$D$247,MATCH(17,Calc!$F$208:$F$247,0)))^2,""),0),"–"),"")
A65: =IFERROR(INDEX(Calc!$A$208:$A$247,MATCH(18,Calc!$F$208:$F$247,0)),"") | B65: =IFERROR(ROUND(INDEX(Calc!$D$208:$D$247,MATCH(18,Calc!$F$208:$F$247,0)),k_xd),"") | C65: =IF(AND(k_run,ISNUMBER(B65)),IF(N(INDEX(Calc!$D$208:$D$247,MATCH(18,Calc!$F$208:$F$247,0)))>0,INT(ROUND(3600/(INDEX(Calc!$D$208:$D$247,MATCH(18,Calc!$F$208:$F$247,0))),0)/60)&":"&TEXT(MOD(ROUND(3600/(INDEX(Calc!$D$208:$D$247,MATCH(18,Calc!$F$208:$F$247,0))),0),60),"00"),"–"),"") | D65: =IF(AND(k_run,ISNUMBER(B65)),ROUND(INDEX(Calc!$D$208:$D$247,MATCH(18,Calc!$F$208:$F$247,0))/3.6,2),"") | E65: =IF(ISNUMBER(B65),IFERROR(ROUND(IF(k_hrok,k_h0+k_h1*(INDEX(Calc!$D$208:$D$247,MATCH(18,Calc!$F$208:$F$247,0)))+k_h2*(INDEX(Calc!$D$208:$D$247,MATCH(18,Calc!$F$208:$F$247,0)))^2,""),0),"–"),"")
A66: =IFERROR(INDEX(Calc!$A$208:$A$247,MATCH(19,Calc!$F$208:$F$247,0)),"") | B66: =IFERROR(ROUND(INDEX(Calc!$D$208:$D$247,MATCH(19,Calc!$F$208:$F$247,0)),k_xd),"") | C66: =IF(AND(k_run,ISNUMBER(B66)),IF(N(INDEX(Calc!$D$208:$D$247,MATCH(19,Calc!$F$208:$F$247,0)))>0,INT(ROUND(3600/(INDEX(Calc!$D$208:$D$247,MATCH(19,Calc!$F$208:$F$247,0))),0)/60)&":"&TEXT(MOD(ROUND(3600/(INDEX(Calc!$D$208:$D$247,MATCH(19,Calc!$F$208:$F$247,0))),0),60),"00"),"–"),"") | D66: =IF(AND(k_run,ISNUMBER(B66)),ROUND(INDEX(Calc!$D$208:$D$247,MATCH(19,Calc!$F$208:$F$247,0))/3.6,2),"") | E66: =IF(ISNUMBER(B66),IFERROR(ROUND(IF(k_hrok,k_h0+k_h1*(INDEX(Calc!$D$208:$D$247,MATCH(19,Calc!$F$208:$F$247,0)))+k_h2*(INDEX(Calc!$D$208:$D$247,MATCH(19,Calc!$F$208:$F$247,0)))^2,""),0),"–"),"")
A67: =IFERROR(INDEX(Calc!$A$208:$A$247,MATCH(20,Calc!$F$208:$F$247,0)),"") | B67: =IFERROR(ROUND(INDEX(Calc!$D$208:$D$247,MATCH(20,Calc!$F$208:$F$247,0)),k_xd),"") | C67: =IF(AND(k_run,ISNUMBER(B67)),IF(N(INDEX(Calc!$D$208:$D$247,MATCH(20,Calc!$F$208:$F$247,0)))>0,INT(ROUND(3600/(INDEX(Calc!$D$208:$D$247,MATCH(20,Calc!$F$208:$F$247,0))),0)/60)&":"&TEXT(MOD(ROUND(3600/(INDEX(Calc!$D$208:$D$247,MATCH(20,Calc!$F$208:$F$247,0))),0),60),"00"),"–"),"") | D67: =IF(AND(k_run,ISNUMBER(B67)),ROUND(INDEX(Calc!$D$208:$D$247,MATCH(20,Calc!$F$208:$F$247,0))/3.6,2),"") | E67: =IF(ISNUMBER(B67),IFERROR(ROUND(IF(k_hrok,k_h0+k_h1*(INDEX(Calc!$D$208:$D$247,MATCH(20,Calc!$F$208:$F$247,0)))+k_h2*(INDEX(Calc!$D$208:$D$247,MATCH(20,Calc!$F$208:$F$247,0)))^2,""),0),"–"),"")
A68: =IFERROR(INDEX(Calc!$A$208:$A$247,MATCH(21,Calc!$F$208:$F$247,0)),"") | B68: =IFERROR(ROUND(INDEX(Calc!$D$208:$D$247,MATCH(21,Calc!$F$208:$F$247,0)),k_xd),"") | C68: =IF(AND(k_run,ISNUMBER(B68)),IF(N(INDEX(Calc!$D$208:$D$247,MATCH(21,Calc!$F$208:$F$247,0)))>0,INT(ROUND(3600/(INDEX(Calc!$D$208:$D$247,MATCH(21,Calc!$F$208:$F$247,0))),0)/60)&":"&TEXT(MOD(ROUND(3600/(INDEX(Calc!$D$208:$D$247,MATCH(21,Calc!$F$208:$F$247,0))),0),60),"00"),"–"),"") | D68: =IF(AND(k_run,ISNUMBER(B68)),ROUND(INDEX(Calc!$D$208:$D$247,MATCH(21,Calc!$F$208:$F$247,0))/3.6,2),"") | E68: =IF(ISNUMBER(B68),IFERROR(ROUND(IF(k_hrok,k_h0+k_h1*(INDEX(Calc!$D$208:$D$247,MATCH(21,Calc!$F$208:$F$247,0)))+k_h2*(INDEX(Calc!$D$208:$D$247,MATCH(21,Calc!$F$208:$F$247,0)))^2,""),0),"–"),"")
A69: =IFERROR(INDEX(Calc!$A$208:$A$247,MATCH(22,Calc!$F$208:$F$247,0)),"") | B69: =IFERROR(ROUND(INDEX(Calc!$D$208:$D$247,MATCH(22,Calc!$F$208:$F$247,0)),k_xd),"") | C69: =IF(AND(k_run,ISNUMBER(B69)),IF(N(INDEX(Calc!$D$208:$D$247,MATCH(22,Calc!$F$208:$F$247,0)))>0,INT(ROUND(3600/(INDEX(Calc!$D$208:$D$247,MATCH(22,Calc!$F$208:$F$247,0))),0)/60)&":"&TEXT(MOD(ROUND(3600/(INDEX(Calc!$D$208:$D$247,MATCH(22,Calc!$F$208:$F$247,0))),0),60),"00"),"–"),"") | D69: =IF(AND(k_run,ISNUMBER(B69)),ROUND(INDEX(Calc!$D$208:$D$247,MATCH(22,Calc!$F$208:$F$247,0))/3.6,2),"") | E69: =IF(ISNUMBER(B69),IFERROR(ROUND(IF(k_hrok,k_h0+k_h1*(INDEX(Calc!$D$208:$D$247,MATCH(22,Calc!$F$208:$F$247,0)))+k_h2*(INDEX(Calc!$D$208:$D$247,MATCH(22,Calc!$F$208:$F$247,0)))^2,""),0),"–"),"")
A70: =IFERROR(INDEX(Calc!$A$208:$A$247,MATCH(23,Calc!$F$208:$F$247,0)),"") | B70: =IFERROR(ROUND(INDEX(Calc!$D$208:$D$247,MATCH(23,Calc!$F$208:$F$247,0)),k_xd),"") | C70: =IF(AND(k_run,ISNUMBER(B70)),IF(N(INDEX(Calc!$D$208:$D$247,MATCH(23,Calc!$F$208:$F$247,0)))>0,INT(ROUND(3600/(INDEX(Calc!$D$208:$D$247,MATCH(23,Calc!$F$208:$F$247,0))),0)/60)&":"&TEXT(MOD(ROUND(3600/(INDEX(Calc!$D$208:$D$247,MATCH(23,Calc!$F$208:$F$247,0))),0),60),"00"),"–"),"") | D70: =IF(AND(k_run,ISNUMBER(B70)),ROUND(INDEX(Calc!$D$208:$D$247,MATCH(23,Calc!$F$208:$F$247,0))/3.6,2),"") | E70: =IF(ISNUMBER(B70),IFERROR(ROUND(IF(k_hrok,k_h0+k_h1*(INDEX(Calc!$D$208:$D$247,MATCH(23,Calc!$F$208:$F$247,0)))+k_h2*(INDEX(Calc!$D$208:$D$247,MATCH(23,Calc!$F$208:$F$247,0)))^2,""),0),"–"),"")
A71: =IFERROR(INDEX(Calc!$A$208:$A$247,MATCH(24,Calc!$F$208:$F$247,0)),"") | B71: =IFERROR(ROUND(INDEX(Calc!$D$208:$D$247,MATCH(24,Calc!$F$208:$F$247,0)),k_xd),"") | C71: =IF(AND(k_run,ISNUMBER(B71)),IF(N(INDEX(Calc!$D$208:$D$247,MATCH(24,Calc!$F$208:$F$247,0)))>0,INT(ROUND(3600/(INDEX(Calc!$D$208:$D$247,MATCH(24,Calc!$F$208:$F$247,0))),0)/60)&":"&TEXT(MOD(ROUND(3600/(INDEX(Calc!$D$208:$D$247,MATCH(24,Calc!$F$208:$F$247,0))),0),60),"00"),"–"),"") | D71: =IF(AND(k_run,ISNUMBER(B71)),ROUND(INDEX(Calc!$D$208:$D$247,MATCH(24,Calc!$F$208:$F$247,0))/3.6,2),"") | E71: =IF(ISNUMBER(B71),IFERROR(ROUND(IF(k_hrok,k_h0+k_h1*(INDEX(Calc!$D$208:$D$247,MATCH(24,Calc!$F$208:$F$247,0)))+k_h2*(INDEX(Calc!$D$208:$D$247,MATCH(24,Calc!$F$208:$F$247,0)))^2,""),0),"–"),"")
A72: =IFERROR(INDEX(Calc!$A$208:$A$247,MATCH(25,Calc!$F$208:$F$247,0)),"") | B72: =IFERROR(ROUND(INDEX(Calc!$D$208:$D$247,MATCH(25,Calc!$F$208:$F$247,0)),k_xd),"") | C72: =IF(AND(k_run,ISNUMBER(B72)),IF(N(INDEX(Calc!$D$208:$D$247,MATCH(25,Calc!$F$208:$F$247,0)))>0,INT(ROUND(3600/(INDEX(Calc!$D$208:$D$247,MATCH(25,Calc!$F$208:$F$247,0))),0)/60)&":"&TEXT(MOD(ROUND(3600/(INDEX(Calc!$D$208:$D$247,MATCH(25,Calc!$F$208:$F$247,0))),0),60),"00"),"–"),"") | D72: =IF(AND(k_run,ISNUMBER(B72)),ROUND(INDEX(Calc!$D$208:$D$247,MATCH(25,Calc!$F$208:$F$247,0))/3.6,2),"") | E72: =IF(ISNUMBER(B72),IFERROR(ROUND(IF(k_hrok,k_h0+k_h1*(INDEX(Calc!$D$208:$D$247,MATCH(25,Calc!$F$208:$F$247,0)))+k_h2*(INDEX(Calc!$D$208:$D$247,MATCH(25,Calc!$F$208:$F$247,0)))^2,""),0),"–"),"")
A73: =IFERROR(INDEX(Calc!$A$208:$A$247,MATCH(26,Calc!$F$208:$F$247,0)),"") | B73: =IFERROR(ROUND(INDEX(Calc!$D$208:$D$247,MATCH(26,Calc!$F$208:$F$247,0)),k_xd),"") | C73: =IF(AND(k_run,ISNUMBER(B73)),IF(N(INDEX(Calc!$D$208:$D$247,MATCH(26,Calc!$F$208:$F$247,0)))>0,INT(ROUND(3600/(INDEX(Calc!$D$208:$D$247,MATCH(26,Calc!$F$208:$F$247,0))),0)/60)&":"&TEXT(MOD(ROUND(3600/(INDEX(Calc!$D$208:$D$247,MATCH(26,Calc!$F$208:$F$247,0))),0),60),"00"),"–"),"") | D73: =IF(AND(k_run,ISNUMBER(B73)),ROUND(INDEX(Calc!$D$208:$D$247,MATCH(26,Calc!$F$208:$F$247,0))/3.6,2),"") | E73: =IF(ISNUMBER(B73),IFERROR(ROUND(IF(k_hrok,k_h0+k_h1*(INDEX(Calc!$D$208:$D$247,MATCH(26,Calc!$F$208:$F$247,0)))+k_h2*(INDEX(Calc!$D$208:$D$247,MATCH(26,Calc!$F$208:$F$247,0)))^2,""),0),"–"),"")
A74: =IFERROR(INDEX(Calc!$A$208:$A$247,MATCH(27,Calc!$F$208:$F$247,0)),"") | B74: =IFERROR(ROUND(INDEX(Calc!$D$208:$D$247,MATCH(27,Calc!$F$208:$F$247,0)),k_xd),"") | C74: =IF(AND(k_run,ISNUMBER(B74)),IF(N(INDEX(Calc!$D$208:$D$247,MATCH(27,Calc!$F$208:$F$247,0)))>0,INT(ROUND(3600/(INDEX(Calc!$D$208:$D$247,MATCH(27,Calc!$F$208:$F$247,0))),0)/60)&":"&TEXT(MOD(ROUND(3600/(INDEX(Calc!$D$208:$D$247,MATCH(27,Calc!$F$208:$F$247,0))),0),60),"00"),"–"),"") | D74: =IF(AND(k_run,ISNUMBER(B74)),ROUND(INDEX(Calc!$D$208:$D$247,MATCH(27,Calc!$F$208:$F$247,0))/3.6,2),"") | E74: =IF(ISNUMBER(B74),IFERROR(ROUND(IF(k_hrok,k_h0+k_h1*(INDEX(Calc!$D$208:$D$247,MATCH(27,Calc!$F$208:$F$247,0)))+k_h2*(INDEX(Calc!$D$208:$D$247,MATCH(27,Calc!$F$208:$F$247,0)))^2,""),0),"–"),"")
A75: =IFERROR(INDEX(Calc!$A$208:$A$247,MATCH(28,Calc!$F$208:$F$247,0)),"") | B75: =IFERROR(ROUND(INDEX(Calc!$D$208:$D$247,MATCH(28,Calc!$F$208:$F$247,0)),k_xd),"") | C75: =IF(AND(k_run,ISNUMBER(B75)),IF(N(INDEX(Calc!$D$208:$D$247,MATCH(28,Calc!$F$208:$F$247,0)))>0,INT(ROUND(3600/(INDEX(Calc!$D$208:$D$247,MATCH(28,Calc!$F$208:$F$247,0))),0)/60)&":"&TEXT(MOD(ROUND(3600/(INDEX(Calc!$D$208:$D$247,MATCH(28,Calc!$F$208:$F$247,0))),0),60),"00"),"–"),"") | D75: =IF(AND(k_run,ISNUMBER(B75)),ROUND(INDEX(Calc!$D$208:$D$247,MATCH(28,Calc!$F$208:$F$247,0))/3.6,2),"") | E75: =IF(ISNUMBER(B75),IFERROR(ROUND(IF(k_hrok,k_h0+k_h1*(INDEX(Calc!$D$208:$D$247,MATCH(28,Calc!$F$208:$F$247,0)))+k_h2*(INDEX(Calc!$D$208:$D$247,MATCH(28,Calc!$F$208:$F$247,0)))^2,""),0),"–"),"")
A76: =IFERROR(INDEX(Calc!$A$208:$A$247,MATCH(29,Calc!$F$208:$F$247,0)),"") | B76: =IFERROR(ROUND(INDEX(Calc!$D$208:$D$247,MATCH(29,Calc!$F$208:$F$247,0)),k_xd),"") | C76: =IF(AND(k_run,ISNUMBER(B76)),IF(N(INDEX(Calc!$D$208:$D$247,MATCH(29,Calc!$F$208:$F$247,0)))>0,INT(ROUND(3600/(INDEX(Calc!$D$208:$D$247,MATCH(29,Calc!$F$208:$F$247,0))),0)/60)&":"&TEXT(MOD(ROUND(3600/(INDEX(Calc!$D$208:$D$247,MATCH(29,Calc!$F$208:$F$247,0))),0),60),"00"),"–"),"") | D76: =IF(AND(k_run,ISNUMBER(B76)),ROUND(INDEX(Calc!$D$208:$D$247,MATCH(29,Calc!$F$208:$F$247,0))/3.6,2),"") | E76: =IF(ISNUMBER(B76),IFERROR(ROUND(IF(k_hrok,k_h0+k_h1*(INDEX(Calc!$D$208:$D$247,MATCH(29,Calc!$F$208:$F$247,0)))+k_h2*(INDEX(Calc!$D$208:$D$247,MATCH(29,Calc!$F$208:$F$247,0)))^2,""),0),"–"),"")
A77: =IFERROR(INDEX(Calc!$A$208:$A$247,MATCH(30,Calc!$F$208:$F$247,0)),"") | B77: =IFERROR(ROUND(INDEX(Calc!$D$208:$D$247,MATCH(30,Calc!$F$208:$F$247,0)),k_xd),"") | C77: =IF(AND(k_run,ISNUMBER(B77)),IF(N(INDEX(Calc!$D$208:$D$247,MATCH(30,Calc!$F$208:$F$247,0)))>0,INT(ROUND(3600/(INDEX(Calc!$D$208:$D$247,MATCH(30,Calc!$F$208:$F$247,0))),0)/60)&":"&TEXT(MOD(ROUND(3600/(INDEX(Calc!$D$208:$D$247,MATCH(30,Calc!$F$208:$F$247,0))),0),60),"00"),"–"),"") | D77: =IF(AND(k_run,ISNUMBER(B77)),ROUND(INDEX(Calc!$D$208:$D$247,MATCH(30,Calc!$F$208:$F$247,0))/3.6,2),"") | E77: =IF(ISNUMBER(B77),IFERROR(ROUND(IF(k_hrok,k_h0+k_h1*(INDEX(Calc!$D$208:$D$247,MATCH(30,Calc!$F$208:$F$247,0)))+k_h2*(INDEX(Calc!$D$208:$D$247,MATCH(30,Calc!$F$208:$F$247,0)))^2,""),0),"–"),"")

Sheet Verfahren
A1: Alle Schwellenverfahren
A2: Berechnet mit dem gewählten Kurvenmodell. Keine Extrapolation über den Messbereich hinaus. LT1/LT2-Auswahl im Blatt „Eingabe“.
A4: Verfahren | B4: Zielkonstrukt | C4: ="Belastung ["&k_unit&"]" | D4: Laktat | E4: HF | F4: Hinweis | G4: als LT1 | H4: als LT2
A5: Erster Laktatanstieg (LT1)
A6: LTP1 (Hofmann/Pokan) | B6: erster Laktatumstellpunkt | C6: =IF(AND(k_ok,ISNUMBER(INDEX(VCalc!$C$5:$W$25,1,1+5*(k_model-1)+0))),ROUND(INDEX(VCalc!$C$5:$W$25,1,1+5*(k_model-1)+0),k_xd),"–") | D6: =IF(AND(k_ok,ISNUMBER(INDEX(VCalc!$C$5:$W$25,1,1+5*(k_model-1)+0))),ROUND(INDEX(VCalc!$C$5:$W$25,1,1+5*(k_model-1)+1),2),"–") | E6: =IF(AND(k_ok,ISNUMBER(INDEX(VCalc!$C$5:$W$25,1,1+5*(k_model-1)+0))),IFERROR(ROUND(IF(k_hrok,k_h0+k_h1*(INDEX(VCalc!$C$5:$W$25,1,1+5*(k_model-1)+0))+k_h2*(INDEX(VCalc!$C$5:$W$25,1,1+5*(k_model-1)+0))^2,""),0),"–"),"–") | F6: =IF(k_ok,MID(IF(INDEX(VCalc!$C$5:$W$25,1,1+5*(k_model-1)+2)<>""," · "&INDEX(VCalc!$C$5:$W$25,1,1+5*(k_model-1)+2),"")&IF(INDEX(VCalc!$C$5:$W$25,1,1+5*(k_model-1)+3)<>""," · "&INDEX(VCalc!$C$5:$W$25,1,1+5*(k_model-1)+3),"")&IF(INDEX(VCalc!$C$5:$W$25,1,1+5*(k_model-1)+4)<>""," · "&INDEX(VCalc!$C$5:$W$25,1,1+5*(k_model-1)+4),""),4,500),"") | G6: =IF(k_m1=1,"● LT1","") | H6: =IF(k_m2=1,"● LT2","")
A7: LTP1 (3-Phasen global) | B7: erster Laktatumstellpunkt | C7: =IF(AND(k_ok,ISNUMBER(INDEX(VCalc!$C$5:$W$25,2,1+5*(k_model-1)+0))),ROUND(INDEX(VCalc!$C$5:$W$25,2,1+5*(k_model-1)+0),k_xd),"–") | D7: =IF(AND(k_ok,ISNUMBER(INDEX(VCalc!$C$5:$W$25,2,1+5*(k_model-1)+0))),ROUND(INDEX(VCalc!$C$5:$W$25,2,1+5*(k_model-1)+1),2),"–") | E7: =IF(AND(k_ok,ISNUMBER(INDEX(VCalc!$C$5:$W$25,2,1+5*(k_model-1)+0))),IFERROR(ROUND(IF(k_hrok,k_h0+k_h1*(INDEX(VCalc!$C$5:$W$25,2,1+5*(k_model-1)+0))+k_h2*(INDEX(VCalc!$C$5:$W$25,2,1+5*(k_model-1)+0))^2,""),0),"–"),"–") | F7: =IF(k_ok,MID(IF(INDEX(VCalc!$C$5:$W$25,2,1+5*(k_model-1)+2)<>""," · "&INDEX(VCalc!$C$5:$W$25,2,1+5*(k_model-1)+2),"")&IF(INDEX(VCalc!$C$5:$W$25,2,1+5*(k_model-1)+3)<>""," · "&INDEX(VCalc!$C$5:$W$25,2,1+5*(k_model-1)+3),"")&IF(INDEX(VCalc!$C$5:$W$25,2,1+5*(k_model-1)+4)<>""," · "&INDEX(VCalc!$C$5:$W$25,2,1+5*(k_model-1)+4),""),4,500),"") | G7: =IF(k_m1=2,"● LT1","") | H7: =IF(k_m2=2,"● LT2","")
A8: Log-Log (Beaver) | B8: erster Laktatanstieg | C8: =IF(AND(k_ok,ISNUMBER(INDEX(VCalc!$C$5:$W$25,3,1+5*(k_model-1)+0))),ROUND(INDEX(VCalc!$C$5:$W$25,3,1+5*(k_model-1)+0),k_xd),"–") | D8: =IF(AND(k_ok,ISNUMBER(INDEX(VCalc!$C$5:$W$25,3,1+5*(k_model-1)+0))),ROUND(INDEX(VCalc!$C$5:$W$25,3,1+5*(k_model-1)+1),2),"–") | E8: =IF(AND(k_ok,ISNUMBER(INDEX(VCalc!$C$5:$W$25,3,1+5*(k_model-1)+0))),IFERROR(ROUND(IF(k_hrok,k_h0+k_h1*(INDEX(VCalc!$C$5:$W$25,3,1+5*(k_model-1)+0))+k_h2*(INDEX(VCalc!$C$5:$W$25,3,1+5*(k_model-1)+0))^2,""),0),"–"),"–") | F8: =IF(k_ok,MID(IF(INDEX(VCalc!$C$5:$W$25,3,1+5*(k_model-1)+2)<>""," · "&INDEX(VCalc!$C$5:$W$25,3,1+5*(k_model-1)+2),"")&IF(INDEX(VCalc!$C$5:$W$25,3,1+5*(k_model-1)+3)<>""," · "&INDEX(VCalc!$C$5:$W$25,3,1+5*(k_model-1)+3),"")&IF(INDEX(VCalc!$C$5:$W$25,3,1+5*(k_model-1)+4)<>""," · "&INDEX(VCalc!$C$5:$W$25,3,1+5*(k_model-1)+4),""),4,500),"") | G8: =IF(k_m1=3,"● LT1","") | H8: =IF(k_m2=3,"● LT2","")
A9: Baseline + 0,5 mmol/L | B9: erster Laktatanstieg | C9: =IF(AND(k_ok,ISNUMBER(INDEX(VCalc!$C$5:$W$25,4,1+5*(k_model-1)+0))),ROUND(INDEX(VCalc!$C$5:$W$25,4,1+5*(k_model-1)+0),k_xd),"–") | D9: =IF(AND(k_ok,ISNUMBER(INDEX(VCalc!$C$5:$W$25,4,1+5*(k_model-1)+0))),ROUND(INDEX(VCalc!$C$5:$W$25,4,1+5*(k_model-1)+1),2),"–") | E9: =IF(AND(k_ok,ISNUMBER(INDEX(VCalc!$C$5:$W$25,4,1+5*(k_model-1)+0))),IFERROR(ROUND(IF(k_hrok,k_h0+k_h1*(INDEX(VCalc!$C$5:$W$25,4,1+5*(k_model-1)+0))+k_h2*(INDEX(VCalc!$C$5:$W$25,4,1+5*(k_model-1)+0))^2,""),0),"–"),"–") | F9: =IF(k_ok,MID(IF(INDEX(VCalc!$C$5:$W$25,4,1+5*(k_model-1)+2)<>""," · "&INDEX(VCalc!$C$5:$W$25,4,1+5*(k_model-1)+2),"")&IF(INDEX(VCalc!$C$5:$W$25,4,1+5*(k_model-1)+3)<>""," · "&INDEX(VCalc!$C$5:$W$25,4,1+5*(k_model-1)+3),"")&IF(INDEX(VCalc!$C$5:$W$25,4,1+5*(k_model-1)+4)<>""," · "&INDEX(VCalc!$C$5:$W$25,4,1+5*(k_model-1)+4),""),4,500),"") | G9: =IF(k_m1=4,"● LT1","") | H9: =IF(k_m2=4,"● LT2","")
A10: Minimales Laktatäquivalent | B10: erster Laktatanstieg | C10: =IF(AND(k_ok,ISNUMBER(INDEX(VCalc!$C$5:$W$25,5,1+5*(k_model-1)+0))),ROUND(INDEX(VCalc!$C$5:$W$25,5,1+5*(k_model-1)+0),k_xd),"–") | D10: =IF(AND(k_ok,ISNUMBER(INDEX(VCalc!$C$5:$W$25,5,1+5*(k_model-1)+0))),ROUND(INDEX(VCalc!$C$5:$W$25,5,1+5*(k_model-1)+1),2),"–") | E10: =IF(AND(k_ok,ISNUMBER(INDEX(VCalc!$C$5:$W$25,5,1+5*(k_model-1)+0))),IFERROR(ROUND(IF(k_hrok,k_h0+k_h1*(INDEX(VCalc!$C$5:$W$25,5,1+5*(k_model-1)+0))+k_h2*(INDEX(VCalc!$C$5:$W$25,5,1+5*(k_model-1)+0))^2,""),0),"–"),"–") | F10: =IF(k_ok,MID(IF(INDEX(VCalc!$C$5:$W$25,5,1+5*(k_model-1)+2)<>""," · "&INDEX(VCalc!$C$5:$W$25,5,1+5*(k_model-1)+2),"")&IF(INDEX(VCalc!$C$5:$W$25,5,1+5*(k_model-1)+3)<>""," · "&INDEX(VCalc!$C$5:$W$25,5,1+5*(k_model-1)+3),"")&IF(INDEX(VCalc!$C$5:$W$25,5,1+5*(k_model-1)+4)<>""," · "&INDEX(VCalc!$C$5:$W$25,5,1+5*(k_model-1)+4),""),4,500),"") | G10: =IF(k_m1=5,"● LT1","") | H10: =IF(k_m2=5,"● LT2","")
A11: fix 2,0 mmol/L | B11: niedriger fixer Anker | C11: =IF(AND(k_ok,ISNUMBER(INDEX(VCalc!$C$5:$W$25,6,1+5*(k_model-1)+0))),ROUND(INDEX(VCalc!$C$5:$W$25,6,1+5*(k_model-1)+0),k_xd),"–") | D11: =IF(AND(k_ok,ISNUMBER(INDEX(VCalc!$C$5:$W$25,6,1+5*(k_model-1)+0))),ROUND(INDEX(VCalc!$C$5:$W$25,6,1+5*(k_model-1)+1),2),"–") | E11: =IF(AND(k_ok,ISNUMBER(INDEX(VCalc!$C$5:$W$25,6,1+5*(k_model-1)+0))),IFERROR(ROUND(IF(k_hrok,k_h0+k_h1*(INDEX(VCalc!$C$5:$W$25,6,1+5*(k_model-1)+0))+k_h2*(INDEX(VCalc!$C$5:$W$25,6,1+5*(k_model-1)+0))^2,""),0),"–"),"–") | F11: =IF(k_ok,MID(IF(INDEX(VCalc!$C$5:$W$25,6,1+5*(k_model-1)+2)<>""," · "&INDEX(VCalc!$C$5:$W$25,6,1+5*(k_model-1)+2),"")&IF(INDEX(VCalc!$C$5:$W$25,6,1+5*(k_model-1)+3)<>""," · "&INDEX(VCalc!$C$5:$W$25,6,1+5*(k_model-1)+3),"")&IF(INDEX(VCalc!$C$5:$W$25,6,1+5*(k_model-1)+4)<>""," · "&INDEX(VCalc!$C$5:$W$25,6,1+5*(k_model-1)+4),""),4,500),"") | G11: =IF(k_m1=6,"● LT1","") | H11: =IF(k_m2=6,"● LT2","")
A12: Oberer Übergangsbereich (LT2)
A13: LTP2 (Hofmann/Pokan) | B13: zweiter Laktatumstellpunkt | C13: =IF(AND(k_ok,ISNUMBER(INDEX(VCalc!$C$5:$W$25,7,1+5*(k_model-1)+0))),ROUND(INDEX(VCalc!$C$5:$W$25,7,1+5*(k_model-1)+0),k_xd),"–") | D13: =IF(AND(k_ok,ISNUMBER(INDEX(VCalc!$C$5:$W$25,7,1+5*(k_model-1)+0))),ROUND(INDEX(VCalc!$C$5:$W$25,7,1+5*(k_model-1)+1),2),"–") | E13: =IF(AND(k_ok,ISNUMBER(INDEX(VCalc!$C$5:$W$25,7,1+5*(k_model-1)+0))),IFERROR(ROUND(IF(k_hrok,k_h0+k_h1*(INDEX(VCalc!$C$5:$W$25,7,1+5*(k_model-1)+0))+k_h2*(INDEX(VCalc!$C$5:$W$25,7,1+5*(k_model-1)+0))^2,""),0),"–"),"–") | F13: =IF(k_ok,MID(IF(INDEX(VCalc!$C$5:$W$25,7,1+5*(k_model-1)+2)<>""," · "&INDEX(VCalc!$C$5:$W$25,7,1+5*(k_model-1)+2),"")&IF(INDEX(VCalc!$C$5:$W$25,7,1+5*(k_model-1)+3)<>""," · "&INDEX(VCalc!$C$5:$W$25,7,1+5*(k_model-1)+3),"")&IF(INDEX(VCalc!$C$5:$W$25,7,1+5*(k_model-1)+4)<>""," · "&INDEX(VCalc!$C$5:$W$25,7,1+5*(k_model-1)+4),""),4,500),"") | G13: =IF(k_m1=7,"● LT1","") | H13: =IF(k_m2=7,"● LT2","")
A14: LTP2 (3-Phasen global) | B14: zweiter Laktatumstellpunkt | C14: =IF(AND(k_ok,ISNUMBER(INDEX(VCalc!$C$5:$W$25,8,1+5*(k_model-1)+0))),ROUND(INDEX(VCalc!$C$5:$W$25,8,1+5*(k_model-1)+0),k_xd),"–") | D14: =IF(AND(k_ok,ISNUMBER(INDEX(VCalc!$C$5:$W$25,8,1+5*(k_model-1)+0))),ROUND(INDEX(VCalc!$C$5:$W$25,8,1+5*(k_model-1)+1),2),"–") | E14: =IF(AND(k_ok,ISNUMBER(INDEX(VCalc!$C$5:$W$25,8,1+5*(k_model-1)+0))),IFERROR(ROUND(IF(k_hrok,k_h0+k_h1*(INDEX(VCalc!$C$5:$W$25,8,1+5*(k_model-1)+0))+k_h2*(INDEX(VCalc!$C$5:$W$25,8,1+5*(k_model-1)+0))^2,""),0),"–"),"–") | F14: =IF(k_ok,MID(IF(INDEX(VCalc!$C$5:$W$25,8,1+5*(k_model-1)+2)<>""," · "&INDEX(VCalc!$C$5:$W$25,8,1+5*(k_model-1)+2),"")&IF(INDEX(VCalc!$C$5:$W$25,8,1+5*(k_model-1)+3)<>""," · "&INDEX(VCalc!$C$5:$W$25,8,1+5*(k_model-1)+3),"")&IF(INDEX(VCalc!$C$5:$W$25,8,1+5*(k_model-1)+4)<>""," · "&INDEX(VCalc!$C$5:$W$25,8,1+5*(k_model-1)+4),""),4,500),"") | G14: =IF(k_m1=8,"● LT1","") | H14: =IF(k_m2=8,"● LT2","")
A15: Dmax (Cheng) | B15: LT2 | C15: =IF(AND(k_ok,ISNUMBER(INDEX(VCalc!$C$5:$W$25,9,1+5*(k_model-1)+0))),ROUND(INDEX(VCalc!$C$5:$W$25,9,1+5*(k_model-1)+0),k_xd),"–") | D15: =IF(AND(k_ok,ISNUMBER(INDEX(VCalc!$C$5:$W$25,9,1+5*(k_model-1)+0))),ROUND(INDEX(VCalc!$C$5:$W$25,9,1+5*(k_model-1)+1),2),"–") | E15: =IF(AND(k_ok,ISNUMBER(INDEX(VCalc!$C$5:$W$25,9,1+5*(k_model-1)+0))),IFERROR(ROUND(IF(k_hrok,k_h0+k_h1*(INDEX(VCalc!$C$5:$W$25,9,1+5*(k_model-1)+0))+k_h2*(INDEX(VCalc!$C$5:$W$25,9,1+5*(k_model-1)+0))^2,""),0),"–"),"–") | F15: =IF(k_ok,MID(IF(INDEX(VCalc!$C$5:$W$25,9,1+5*(k_model-1)+2)<>""," · "&INDEX(VCalc!$C$5:$W$25,9,1+5*(k_model-1)+2),"")&IF(INDEX(VCalc!$C$5:$W$25,9,1+5*(k_model-1)+3)<>""," · "&INDEX(VCalc!$C$5:$W$25,9,1+5*(k_model-1)+3),"")&IF(INDEX(VCalc!$C$5:$W$25,9,1+5*(k_model-1)+4)<>""," · "&INDEX(VCalc!$C$5:$W$25,9,1+5*(k_model-1)+4),""),4,500),"") | G15: =IF(k_m1=9,"● LT1","") | H15: =IF(k_m2=9,"● LT2","")
A16: Modified Dmax (Bishop) | B16: LT2 | C16: =IF(AND(k_ok,ISNUMBER(INDEX(VCalc!$C$5:$W$25,10,1+5*(k_model-1)+0))),ROUND(INDEX(VCalc!$C$5:$W$25,10,1+5*(k_model-1)+0),k_xd),"–") | D16: =IF(AND(k_ok,ISNUMBER(INDEX(VCalc!$C$5:$W$25,10,1+5*(k_model-1)+0))),ROUND(INDEX(VCalc!$C$5:$W$25,10,1+5*(k_model-1)+1),2),"–") | E16: =IF(AND(k_ok,ISNUMBER(INDEX(VCalc!$C$5:$W$25,10,1+5*(k_model-1)+0))),IFERROR(ROUND(IF(k_hrok,k_h0+k_h1*(INDEX(VCalc!$C$5:$W$25,10,1+5*(k_model-1)+0))+k_h2*(INDEX(VCalc!$C$5:$W$25,10,1+5*(k_model-1)+0))^2,""),0),"–"),"–") | F16: =IF(k_ok,MID(IF(INDEX(VCalc!$C$5:$W$25,10,1+5*(k_model-1)+2)<>""," · "&INDEX(VCalc!$C$5:$W$25,10,1+5*(k_model-1)+2),"")&IF(INDEX(VCalc!$C$5:$W$25,10,1+5*(k_model-1)+3)<>""," · "&INDEX(VCalc!$C$5:$W$25,10,1+5*(k_model-1)+3),"")&IF(INDEX(VCalc!$C$5:$W$25,10,1+5*(k_model-1)+4)<>""," · "&INDEX(VCalc!$C$5:$W$25,10,1+5*(k_model-1)+4),""),4,500),"") | G16: =IF(k_m1=10,"● LT1","") | H16: =IF(k_m2=10,"● LT2","")
A17: Log-Poly-ModDmax | B17: LT2 / MLSS-Schätzer | C17: =IF(AND(k_ok,ISNUMBER(INDEX(VCalc!$C$5:$W$25,11,1+5*(k_model-1)+0))),ROUND(INDEX(VCalc!$C$5:$W$25,11,1+5*(k_model-1)+0),k_xd),"–") | D17: =IF(AND(k_ok,ISNUMBER(INDEX(VCalc!$C$5:$W$25,11,1+5*(k_model-1)+0))),ROUND(INDEX(VCalc!$C$5:$W$25,11,1+5*(k_model-1)+1),2),"–") | E17: =IF(AND(k_ok,ISNUMBER(INDEX(VCalc!$C$5:$W$25,11,1+5*(k_model-1)+0))),IFERROR(ROUND(IF(k_hrok,k_h0+k_h1*(INDEX(VCalc!$C$5:$W$25,11,1+5*(k_model-1)+0))+k_h2*(INDEX(VCalc!$C$5:$W$25,11,1+5*(k_model-1)+0))^2,""),0),"–"),"–") | F17: =IF(k_ok,MID(IF(INDEX(VCalc!$C$5:$W$25,11,1+5*(k_model-1)+2)<>""," · "&INDEX(VCalc!$C$5:$W$25,11,1+5*(k_model-1)+2),"")&IF(INDEX(VCalc!$C$5:$W$25,11,1+5*(k_model-1)+3)<>""," · "&INDEX(VCalc!$C$5:$W$25,11,1+5*(k_model-1)+3),"")&IF(INDEX(VCalc!$C$5:$W$25,11,1+5*(k_model-1)+4)<>""," · "&INDEX(VCalc!$C$5:$W$25,11,1+5*(k_model-1)+4),""),4,500),"") | G17: =IF(k_m1=11,"● LT1","") | H17: =IF(k_m2=11,"● LT2","")
A18: Exp-Dmax | B18: LT2 | C18: =IF(AND(k_ok,ISNUMBER(INDEX(VCalc!$C$5:$W$25,12,1+5*(k_model-1)+0))),ROUND(INDEX(VCalc!$C$5:$W$25,12,1+5*(k_model-1)+0),k_xd),"–") | D18: =IF(AND(k_ok,ISNUMBER(INDEX(VCalc!$C$5:$W$25,12,1+5*(k_model-1)+0))),ROUND(INDEX(VCalc!$C$5:$W$25,12,1+5*(k_model-1)+1),2),"–") | E18: =IF(AND(k_ok,ISNUMBER(INDEX(VCalc!$C$5:$W$25,12,1+5*(k_model-1)+0))),IFERROR(ROUND(IF(k_hrok,k_h0+k_h1*(INDEX(VCalc!$C$5:$W$25,12,1+5*(k_model-1)+0))+k_h2*(INDEX(VCalc!$C$5:$W$25,12,1+5*(k_model-1)+0))^2,""),0),"–"),"–") | F18: =IF(k_ok,MID(IF(INDEX(VCalc!$C$5:$W$25,12,1+5*(k_model-1)+2)<>""," · "&INDEX(VCalc!$C$5:$W$25,12,1+5*(k_model-1)+2),"")&IF(INDEX(VCalc!$C$5:$W$25,12,1+5*(k_model-1)+3)<>""," · "&INDEX(VCalc!$C$5:$W$25,12,1+5*(k_model-1)+3),"")&IF(INDEX(VCalc!$C$5:$W$25,12,1+5*(k_model-1)+4)<>""," · "&INDEX(VCalc!$C$5:$W$25,12,1+5*(k_model-1)+4),""),4,500),"") | G18: =IF(k_m1=12,"● LT1","") | H18: =IF(k_m2=12,"● LT2","")
A19: Dickhuth (LEmin + 1,5) | B19: individuelle obere Schwelle | C19: =IF(AND(k_ok,ISNUMBER(INDEX(VCalc!$C$5:$W$25,13,1+5*(k_model-1)+0))),ROUND(INDEX(VCalc!$C$5:$W$25,13,1+5*(k_model-1)+0),k_xd),"–") | D19: =IF(AND(k_ok,ISNUMBER(INDEX(VCalc!$C$5:$W$25,13,1+5*(k_model-1)+0))),ROUND(INDEX(VCalc!$C$5:$W$25,13,1+5*(k_model-1)+1),2),"–") | E19: =IF(AND(k_ok,ISNUMBER(INDEX(VCalc!$C$5:$W$25,13,1+5*(k_model-1)+0))),IFERROR(ROUND(IF(k_hrok,k_h0+k_h1*(INDEX(VCalc!$C$5:$W$25,13,1+5*(k_model-1)+0))+k_h2*(INDEX(VCalc!$C$5:$W$25,13,1+5*(k_model-1)+0))^2,""),0),"–"),"–") | F19: =IF(k_ok,MID(IF(INDEX(VCalc!$C$5:$W$25,13,1+5*(k_model-1)+2)<>""," · "&INDEX(VCalc!$C$5:$W$25,13,1+5*(k_model-1)+2),"")&IF(INDEX(VCalc!$C$5:$W$25,13,1+5*(k_model-1)+3)<>""," · "&INDEX(VCalc!$C$5:$W$25,13,1+5*(k_model-1)+3),"")&IF(INDEX(VCalc!$C$5:$W$25,13,1+5*(k_model-1)+4)<>""," · "&INDEX(VCalc!$C$5:$W$25,13,1+5*(k_model-1)+4),""),4,500),"") | G19: =IF(k_m1=13,"● LT1","") | H19: =IF(k_m2=13,"● LT2","")
A20: Baseline + 1,0 mmol/L | B20: Übergangsbereich | C20: =IF(AND(k_ok,ISNUMBER(INDEX(VCalc!$C$5:$W$25,14,1+5*(k_model-1)+0))),ROUND(INDEX(VCalc!$C$5:$W$25,14,1+5*(k_model-1)+0),k_xd),"–") | D20: =IF(AND(k_ok,ISNUMBER(INDEX(VCalc!$C$5:$W$25,14,1+5*(k_model-1)+0))),ROUND(INDEX(VCalc!$C$5:$W$25,14,1+5*(k_model-1)+1),2),"–") | E20: =IF(AND(k_ok,ISNUMBER(INDEX(VCalc!$C$5:$W$25,14,1+5*(k_model-1)+0))),IFERROR(ROUND(IF(k_hrok,k_h0+k_h1*(INDEX(VCalc!$C$5:$W$25,14,1+5*(k_model-1)+0))+k_h2*(INDEX(VCalc!$C$5:$W$25,14,1+5*(k_model-1)+0))^2,""),0),"–"),"–") | F20: =IF(k_ok,MID(IF(INDEX(VCalc!$C$5:$W$25,14,1+5*(k_model-1)+2)<>""," · "&INDEX(VCalc!$C$5:$W$25,14,1+5*(k_model-1)+2),"")&IF(INDEX(VCalc!$C$5:$W$25,14,1+5*(k_model-1)+3)<>""," · "&INDEX(VCalc!$C$5:$W$25,14,1+5*(k_model-1)+3),"")&IF(INDEX(VCalc!$C$5:$W$25,14,1+5*(k_model-1)+4)<>""," · "&INDEX(VCalc!$C$5:$W$25,14,1+5*(k_model-1)+4),""),4,500),"") | G20: =IF(k_m1=14,"● LT1","") | H20: =IF(k_m2=14,"● LT2","")
A21: Baseline + 1,5 mmol/L | B21: obere Schwelle (Simon-Typ) | C21: =IF(AND(k_ok,ISNUMBER(INDEX(VCalc!$C$5:$W$25,15,1+5*(k_model-1)+0))),ROUND(INDEX(VCalc!$C$5:$W$25,15,1+5*(k_model-1)+0),k_xd),"–") | D21: =IF(AND(k_ok,ISNUMBER(INDEX(VCalc!$C$5:$W$25,15,1+5*(k_model-1)+0))),ROUND(INDEX(VCalc!$C$5:$W$25,15,1+5*(k_model-1)+1),2),"–") | E21: =IF(AND(k_ok,ISNUMBER(INDEX(VCalc!$C$5:$W$25,15,1+5*(k_model-1)+0))),IFERROR(ROUND(IF(k_hrok,k_h0+k_h1*(INDEX(VCalc!$C$5:$W$25,15,1+5*(k_model-1)+0))+k_h2*(INDEX(VCalc!$C$5:$W$25,15,1+5*(k_model-1)+0))^2,""),0),"–"),"–") | F21: =IF(k_ok,MID(IF(INDEX(VCalc!$C$5:$W$25,15,1+5*(k_model-1)+2)<>""," · "&INDEX(VCalc!$C$5:$W$25,15,1+5*(k_model-1)+2),"")&IF(INDEX(VCalc!$C$5:$W$25,15,1+5*(k_model-1)+3)<>""," · "&INDEX(VCalc!$C$5:$W$25,15,1+5*(k_model-1)+3),"")&IF(INDEX(VCalc!$C$5:$W$25,15,1+5*(k_model-1)+4)<>""," · "&INDEX(VCalc!$C$5:$W$25,15,1+5*(k_model-1)+4),""),4,500),"") | G21: =IF(k_m1=15,"● LT1","") | H21: =IF(k_m2=15,"● LT2","")
A22: Fixe, diskrete und historische Verfahren
A23: fix 3,0 mmol/L | B23: fixer Anker | C23: =IF(AND(k_ok,ISNUMBER(INDEX(VCalc!$C$5:$W$25,16,1+5*(k_model-1)+0))),ROUND(INDEX(VCalc!$C$5:$W$25,16,1+5*(k_model-1)+0),k_xd),"–") | D23: =IF(AND(k_ok,ISNUMBER(INDEX(VCalc!$C$5:$W$25,16,1+5*(k_model-1)+0))),ROUND(INDEX(VCalc!$C$5:$W$25,16,1+5*(k_model-1)+1),2),"–") | E23: =IF(AND(k_ok,ISNUMBER(INDEX(VCalc!$C$5:$W$25,16,1+5*(k_model-1)+0))),IFERROR(ROUND(IF(k_hrok,k_h0+k_h1*(INDEX(VCalc!$C$5:$W$25,16,1+5*(k_model-1)+0))+k_h2*(INDEX(VCalc!$C$5:$W$25,16,1+5*(k_model-1)+0))^2,""),0),"–"),"–") | F23: =IF(k_ok,MID(IF(INDEX(VCalc!$C$5:$W$25,16,1+5*(k_model-1)+2)<>""," · "&INDEX(VCalc!$C$5:$W$25,16,1+5*(k_model-1)+2),"")&IF(INDEX(VCalc!$C$5:$W$25,16,1+5*(k_model-1)+3)<>""," · "&INDEX(VCalc!$C$5:$W$25,16,1+5*(k_model-1)+3),"")&IF(INDEX(VCalc!$C$5:$W$25,16,1+5*(k_model-1)+4)<>""," · "&INDEX(VCalc!$C$5:$W$25,16,1+5*(k_model-1)+4),""),4,500),"") | G23: =IF(k_m1=16,"● LT1","") | H23: =IF(k_m2=16,"● LT2","")
A24: fix 3,5 mmol/L | B24: fixer Anker | C24: =IF(AND(k_ok,ISNUMBER(INDEX(VCalc!$C$5:$W$25,17,1+5*(k_model-1)+0))),ROUND(INDEX(VCalc!$C$5:$W$25,17,1+5*(k_model-1)+0),k_xd),"–") | D24: =IF(AND(k_ok,ISNUMBER(INDEX(VCalc!$C$5:$W$25,17,1+5*(k_model-1)+0))),ROUND(INDEX(VCalc!$C$5:$W$25,17,1+5*(k_model-1)+1),2),"–") | E24: =IF(AND(k_ok,ISNUMBER(INDEX(VCalc!$C$5:$W$25,17,1+5*(k_model-1)+0))),IFERROR(ROUND(IF(k_hrok,k_h0+k_h1*(INDEX(VCalc!$C$5:$W$25,17,1+5*(k_model-1)+0))+k_h2*(INDEX(VCalc!$C$5:$W$25,17,1+5*(k_model-1)+0))^2,""),0),"–"),"–") | F24: =IF(k_ok,MID(IF(INDEX(VCalc!$C$5:$W$25,17,1+5*(k_model-1)+2)<>""," · "&INDEX(VCalc!$C$5:$W$25,17,1+5*(k_model-1)+2),"")&IF(INDEX(VCalc!$C$5:$W$25,17,1+5*(k_model-1)+3)<>""," · "&INDEX(VCalc!$C$5:$W$25,17,1+5*(k_model-1)+3),"")&IF(INDEX(VCalc!$C$5:$W$25,17,1+5*(k_model-1)+4)<>""," · "&INDEX(VCalc!$C$5:$W$25,17,1+5*(k_model-1)+4),""),4,500),"") | G24: =IF(k_m1=17,"● LT1","") | H24: =IF(k_m2=17,"● LT2","")
A25: fix 4,0 mmol/L (OBLA) | B25: obere fixe Schwelle, ≠ MLSS | C25: =IF(AND(k_ok,ISNUMBER(INDEX(VCalc!$C$5:$W$25,18,1+5*(k_model-1)+0))),ROUND(INDEX(VCalc!$C$5:$W$25,18,1+5*(k_model-1)+0),k_xd),"–") | D25: =IF(AND(k_ok,ISNUMBER(INDEX(VCalc!$C$5:$W$25,18,1+5*(k_model-1)+0))),ROUND(INDEX(VCalc!$C$5:$W$25,18,1+5*(k_model-1)+1),2),"–") | E25: =IF(AND(k_ok,ISNUMBER(INDEX(VCalc!$C$5:$W$25,18,1+5*(k_model-1)+0))),IFERROR(ROUND(IF(k_hrok,k_h0+k_h1*(INDEX(VCalc!$C$5:$W$25,18,1+5*(k_model-1)+0))+k_h2*(INDEX(VCalc!$C$5:$W$25,18,1+5*(k_model-1)+0))^2,""),0),"–"),"–") | F25: =IF(k_ok,MID(IF(INDEX(VCalc!$C$5:$W$25,18,1+5*(k_model-1)+2)<>""," · "&INDEX(VCalc!$C$5:$W$25,18,1+5*(k_model-1)+2),"")&IF(INDEX(VCalc!$C$5:$W$25,18,1+5*(k_model-1)+3)<>""," · "&INDEX(VCalc!$C$5:$W$25,18,1+5*(k_model-1)+3),"")&IF(INDEX(VCalc!$C$5:$W$25,18,1+5*(k_model-1)+4)<>""," · "&INDEX(VCalc!$C$5:$W$25,18,1+5*(k_model-1)+4),""),4,500),"") | G25: =IF(k_m1=18,"● LT1","") | H25: =IF(k_m2=18,"● LT2","")
A26: Baldari-Guidetti | B26: MLSS-Näherung | C26: =IF(AND(k_ok,ISNUMBER(INDEX(VCalc!$C$5:$W$25,19,1+5*(k_model-1)+0))),ROUND(INDEX(VCalc!$C$5:$W$25,19,1+5*(k_model-1)+0),k_xd),"–") | D26: =IF(AND(k_ok,ISNUMBER(INDEX(VCalc!$C$5:$W$25,19,1+5*(k_model-1)+0))),ROUND(INDEX(VCalc!$C$5:$W$25,19,1+5*(k_model-1)+1),2),"–") | E26: =IF(AND(k_ok,ISNUMBER(INDEX(VCalc!$C$5:$W$25,19,1+5*(k_model-1)+0))),IFERROR(ROUND(IF(k_hrok,k_h0+k_h1*(INDEX(VCalc!$C$5:$W$25,19,1+5*(k_model-1)+0))+k_h2*(INDEX(VCalc!$C$5:$W$25,19,1+5*(k_model-1)+0))^2,""),0),"–"),"–") | F26: =IF(k_ok,MID(IF(INDEX(VCalc!$C$5:$W$25,19,1+5*(k_model-1)+2)<>""," · "&INDEX(VCalc!$C$5:$W$25,19,1+5*(k_model-1)+2),"")&IF(INDEX(VCalc!$C$5:$W$25,19,1+5*(k_model-1)+3)<>""," · "&INDEX(VCalc!$C$5:$W$25,19,1+5*(k_model-1)+3),"")&IF(INDEX(VCalc!$C$5:$W$25,19,1+5*(k_model-1)+4)<>""," · "&INDEX(VCalc!$C$5:$W$25,19,1+5*(k_model-1)+4),""),4,500),"") | G26: =IF(k_m1=19,"● LT1","") | H26: =IF(k_m2=19,"● LT2","")
A27: Keul (Tangente 51°) | B27: historisch | C27: =IF(AND(k_ok,ISNUMBER(INDEX(VCalc!$C$5:$W$25,20,1+5*(k_model-1)+0))),ROUND(INDEX(VCalc!$C$5:$W$25,20,1+5*(k_model-1)+0),k_xd),"–") | D27: =IF(AND(k_ok,ISNUMBER(INDEX(VCalc!$C$5:$W$25,20,1+5*(k_model-1)+0))),ROUND(INDEX(VCalc!$C$5:$W$25,20,1+5*(k_model-1)+1),2),"–") | E27: =IF(AND(k_ok,ISNUMBER(INDEX(VCalc!$C$5:$W$25,20,1+5*(k_model-1)+0))),IFERROR(ROUND(IF(k_hrok,k_h0+k_h1*(INDEX(VCalc!$C$5:$W$25,20,1+5*(k_model-1)+0))+k_h2*(INDEX(VCalc!$C$5:$W$25,20,1+5*(k_model-1)+0))^2,""),0),"–"),"–") | F27: =IF(k_ok,MID(IF(INDEX(VCalc!$C$5:$W$25,20,1+5*(k_model-1)+2)<>""," · "&INDEX(VCalc!$C$5:$W$25,20,1+5*(k_model-1)+2),"")&IF(INDEX(VCalc!$C$5:$W$25,20,1+5*(k_model-1)+3)<>""," · "&INDEX(VCalc!$C$5:$W$25,20,1+5*(k_model-1)+3),"")&IF(INDEX(VCalc!$C$5:$W$25,20,1+5*(k_model-1)+4)<>""," · "&INDEX(VCalc!$C$5:$W$25,20,1+5*(k_model-1)+4),""),4,500),"") | G27: =IF(k_m1=20,"● LT1","") | H27: =IF(k_m2=20,"● LT2","")
A28: Laktatminimum (Tegtbur) | B28: nur bei LMT-Protokoll | C28: =IF(AND(k_ok,ISNUMBER(INDEX(VCalc!$C$5:$W$25,21,1+5*(k_model-1)+0))),ROUND(INDEX(VCalc!$C$5:$W$25,21,1+5*(k_model-1)+0),k_xd),"–") | D28: =IF(AND(k_ok,ISNUMBER(INDEX(VCalc!$C$5:$W$25,21,1+5*(k_model-1)+0))),ROUND(INDEX(VCalc!$C$5:$W$25,21,1+5*(k_model-1)+1),2),"–") | E28: =IF(AND(k_ok,ISNUMBER(INDEX(VCalc!$C$5:$W$25,21,1+5*(k_model-1)+0))),IFERROR(ROUND(IF(k_hrok,k_h0+k_h1*(INDEX(VCalc!$C$5:$W$25,21,1+5*(k_model-1)+0))+k_h2*(INDEX(VCalc!$C$5:$W$25,21,1+5*(k_model-1)+0))^2,""),0),"–"),"–") | F28: =IF(k_ok,MID(IF(INDEX(VCalc!$C$5:$W$25,21,1+5*(k_model-1)+2)<>""," · "&INDEX(VCalc!$C$5:$W$25,21,1+5*(k_model-1)+2),"")&IF(INDEX(VCalc!$C$5:$W$25,21,1+5*(k_model-1)+3)<>""," · "&INDEX(VCalc!$C$5:$W$25,21,1+5*(k_model-1)+3),"")&IF(INDEX(VCalc!$C$5:$W$25,21,1+5*(k_model-1)+4)<>""," · "&INDEX(VCalc!$C$5:$W$25,21,1+5*(k_model-1)+4),""),4,500),"") | G28: =IF(k_m1=21,"● LT1","") | H28: =IF(k_m2=21,"● LT2","")
A31: Modellvergleich am selben Datensatz
A32: Wie stark sich LT1 und LT2 allein durch das Kurvenmodell verschieben. Ein höheres R² macht ein Modell nicht besser.
A33: Modell | B33: Parameter | C33: R² | D33: RMSE | E33: ="LT1 · "&Eingabe!$I$5 | F33: ="LT2 · "&Eingabe!$I$6 | G33: Δ LT2
A34: ="Polynom 2. Grades"&IF(AND(Calc!$B$82,Calc!$G$82)," (exakt)","")&IF(k_model=1," ◄ gewählt","") | B34: =IF(Calc!$B$82,Calc!$C$82,"nicht anpassbar") | C34: =IF(AND(k_ok,Calc!$B$82),ROUND(Calc!$E$82,4),"–") | D34: =IF(AND(k_ok,Calc!$B$82),ROUND(Calc!$F$82,3),"–") | E34: =IF(AND(k_ok,Calc!$B$82,ISNUMBER(INDEX(VCalc!$C$5:$W$25,k_m1,1))),ROUND(INDEX(VCalc!$C$5:$W$25,k_m1,1),k_xd),"–") | F34: =IF(AND(k_ok,Calc!$B$82,ISNUMBER(INDEX(VCalc!$C$5:$W$25,k_m2,1))),ROUND(INDEX(VCalc!$C$5:$W$25,k_m2,1),k_xd),"–") | G34: =IF(AND(k_ok,Calc!$B$82,ISNUMBER(INDEX(VCalc!$C$5:$W$25,k_m2,1)),ISNUMBER(INDEX(VCalc!$C$5:$W$25,k_m2,1+5*(k_model-1)))),IF(k_model=1,"Referenz",IF(INDEX(VCalc!$C$5:$W$25,k_m2,1)-INDEX(VCalc!$C$5:$W$25,k_m2,1+5*(k_model-1))>=0,"+","")&FIXED(INDEX(VCalc!$C$5:$W$25,k_m2,1)-INDEX(VCalc!$C$5:$W$25,k_m2,1+5*(k_model-1)),k_xd,TRUE)),"–")
A35: ="Polynom 3. Grades"&IF(AND(Calc!$B$83,Calc!$G$83)," (exakt)","")&IF(k_model=2," ◄ gewählt","") | B35: =IF(Calc!$B$83,Calc!$C$83,"nicht anpassbar") | C35: =IF(AND(k_ok,Calc!$B$83),ROUND(Calc!$E$83,4),"–") | D35: =IF(AND(k_ok,Calc!$B$83),ROUND(Calc!$F$83,3),"–") | E35: =IF(AND(k_ok,Calc!$B$83,ISNUMBER(INDEX(VCalc!$C$5:$W$25,k_m1,6))),ROUND(INDEX(VCalc!$C$5:$W$25,k_m1,6),k_xd),"–") | F35: =IF(AND(k_ok,Calc!$B$83,ISNUMBER(INDEX(VCalc!$C$5:$W$25,k_m2,6))),ROUND(INDEX(VCalc!$C$5:$W$25,k_m2,6),k_xd),"–") | G35: =IF(AND(k_ok,Calc!$B$83,ISNUMBER(INDEX(VCalc!$C$5:$W$25,k_m2,6)),ISNUMBER(INDEX(VCalc!$C$5:$W$25,k_m2,1+5*(k_model-1)))),IF(k_model=2,"Referenz",IF(INDEX(VCalc!$C$5:$W$25,k_m2,6)-INDEX(VCalc!$C$5:$W$25,k_m2,1+5*(k_model-1))>=0,"+","")&FIXED(INDEX(VCalc!$C$5:$W$25,k_m2,6)-INDEX(VCalc!$C$5:$W$25,k_m2,1+5*(k_model-1)),k_xd,TRUE)),"–")
A36: ="Polynom 4. Grades"&IF(AND(Calc!$B$84,Calc!$G$84)," (exakt)","")&IF(k_model=3," ◄ gewählt","") | B36: =IF(Calc!$B$84,Calc!$C$84,"nicht anpassbar") | C36: =IF(AND(k_ok,Calc!$B$84),ROUND(Calc!$E$84,4),"–") | D36: =IF(AND(k_ok,Calc!$B$84),ROUND(Calc!$F$84,3),"–") | E36: =IF(AND(k_ok,Calc!$B$84,ISNUMBER(INDEX(VCalc!$C$5:$W$25,k_m1,11))),ROUND(INDEX(VCalc!$C$5:$W$25,k_m1,11),k_xd),"–") | F36: =IF(AND(k_ok,Calc!$B$84,ISNUMBER(INDEX(VCalc!$C$5:$W$25,k_m2,11))),ROUND(INDEX(VCalc!$C$5:$W$25,k_m2,11),k_xd),"–") | G36: =IF(AND(k_ok,Calc!$B$84,ISNUMBER(INDEX(VCalc!$C$5:$W$25,k_m2,11)),ISNUMBER(INDEX(VCalc!$C$5:$W$25,k_m2,1+5*(k_model-1)))),IF(k_model=3,"Referenz",IF(INDEX(VCalc!$C$5:$W$25,k_m2,11)-INDEX(VCalc!$C$5:$W$25,k_m2,1+5*(k_model-1))>=0,"+","")&FIXED(INDEX(VCalc!$C$5:$W$25,k_m2,11)-INDEX(VCalc!$C$5:$W$25,k_m2,1+5*(k_model-1)),k_xd,TRUE)),"–")
A37: ="Exponentiell"&IF(AND(Calc!$B$85,Calc!$G$85)," (exakt)","")&IF(k_model=4," ◄ gewählt","") | B37: =IF(Calc!$B$85,Calc!$C$85,"nicht anpassbar") | C37: =IF(AND(k_ok,Calc!$B$85),ROUND(Calc!$E$85,4),"–") | D37: =IF(AND(k_ok,Calc!$B$85),ROUND(Calc!$F$85,3),"–") | E37: =IF(AND(k_ok,Calc!$B$85,ISNUMBER(INDEX(VCalc!$C$5:$W$25,k_m1,16))),ROUND(INDEX(VCalc!$C$5:$W$25,k_m1,16),k_xd),"–") | F37: =IF(AND(k_ok,Calc!$B$85,ISNUMBER(INDEX(VCalc!$C$5:$W$25,k_m2,16))),ROUND(INDEX(VCalc!$C$5:$W$25,k_m2,16),k_xd),"–") | G37: =IF(AND(k_ok,Calc!$B$85,ISNUMBER(INDEX(VCalc!$C$5:$W$25,k_m2,16)),ISNUMBER(INDEX(VCalc!$C$5:$W$25,k_m2,1+5*(k_model-1)))),IF(k_model=4,"Referenz",IF(INDEX(VCalc!$C$5:$W$25,k_m2,16)-INDEX(VCalc!$C$5:$W$25,k_m2,1+5*(k_model-1))>=0,"+","")&FIXED(INDEX(VCalc!$C$5:$W$25,k_m2,16)-INDEX(VCalc!$C$5:$W$25,k_m2,1+5*(k_model-1)),k_xd,TRUE)),"–")
A39: =IF(k_ok,"Koeffizienten des gewählten Modells (x in "&k_unit&"): "&k_eq,"")
A40: =IF(k_ok,"Güte gewählt: R² "&FIXED(N(k_r2),4,TRUE)&" · RMSE "&FIXED(k_rmse,3,TRUE)&" mmol/L · n = "&k_n&IF(k_gok," · Hilfsgeraden-RMSE "&FIXED(k_grmse,3,TRUE)&" mmol/L"&IF(Guide!$B$6," (optimale Knoten)"," (Knoten an LT1/LT2) · Regressions-Optimum bei "&IF(k_3ok,FIXED(k_3k1,k_xd,TRUE)&" / "&FIXED(k_3k2,k_xd,TRUE),"–")),""),"")

Sheet Diagramme
A1: Weitere Darstellungen
A2: Laktatäquivalent: Das Minimum markiert den Übergang aus dem aeroben Grundbereich (Grundlage des Dickhuth-Verfahrens: LEmin + 1,5 mmol/L). Log-Log: ln Laktat gegen ln Belastung, zwei Regressionsgeraden, Schnittpunkt = Log-Log-Breakpoint.
A24: =IF(k_llok,"Log-Log-Breakpoint bei "&FIXED(k_llx,k_xd,TRUE)&" "&k_unit&" (Segmente "&k_llk&" + "&(k_n-k_llk)&" Punkte)","Log-Log-Breakpoint nicht bestimmbar")
A25: =IF(k_ok,"LEmin bei "&FIXED(INDEX(VCalc!$C$35:$F$35,k_model),k_xd,TRUE)&" "&k_unit&" ("&FIXED(INDEX(VCalc!$C$36:$F$36,k_model),2,TRUE)&" mmol/L)","")
A27: Glukose zu Belastung
A28: =IF(AND(k_gluOn,k_ng>=2),k_ng&" Werte · erste → letzte Stufe "&IF(INDEX(Calc!$AL$3:$AL$22,k_ng)-Calc!$AL$3>=0,"+","")&FIXED(INDEX(Calc!$AL$3:$AL$22,k_ng)-Calc!$AL$3,k_gd,TRUE)&" "&k_gluU&" · Minimum "&FIXED(MIN(OFFSET(Calc!$AL$3,0,0,k_ng,1)),k_gd,TRUE)&" bei "&FIXED(INDEX(Calc!$AK$3:$AK$22,MATCH(MIN(OFFSET(Calc!$AL$3,0,0,k_ng,1)),OFFSET(Calc!$AL$3,0,0,k_ng,1),0)),k_xd,TRUE)&" "&k_unit,"Glukose-Auswertung: im Blatt „Eingabe“ „Glukose je Stufe erfassen = Ja“ wählen und mind. 2 Werte eintragen.")

Sheet Bericht
A1: =IF(Eingabe!$B$12<>"",Eingabe!$B$12,"") | H1: Laktatdiagnostik
A2: =IF(Eingabe!$B$13<>"",Eingabe!$B$13,"")
A3: Ergebnisse der Leistungsdiagnostik
A5: Name | B5: =Eingabe!$B$4 | E5: Testleitung | F5: =Eingabe!$B$10
A6: Geburtsdatum | B6: =IF(ISNUMBER(Eingabe!$B$5),TEXT(Eingabe!$B$5,"DD.MM.YYYY")&IF(ISNUMBER(k_age)," ("&FIXED(k_age,1,TRUE)&" Jahre)",""),Eingabe!$B$5&"") | E6: Untersuchung | F6: =IF(k_run,"Laufbandergometrie","Fahrradergometrie")
A7: Größe | B7: =IF(ISNUMBER(Eingabe!$B$7),Eingabe!$B$7&" cm","–") | E7: Stufen | F7: =IF(ISNUMBER(k_dur),FIXED(k_dur,1,TRUE),"–")&" min, "&IF(Eingabe!$E$5="","–",Eingabe!$E$5)
A8: Masse | B8: =IF(ISNUMBER(Eingabe!$B$8),Eingabe!$B$8&" kg","–") | E8: Probe | F8: =Eingabe!$E$6&", "&Eingabe!$E$7
A9: Testdatum | B9: =IF(ISNUMBER(Eingabe!$B$6),TEXT(Eingabe!$B$6,"DD.MM.YYYY"),Eingabe!$B$6&"") | E9: Analysator | F9: =IF(Eingabe!$E$8="","–",Eingabe!$E$8)
A10: Bemerkung | B10: =Eingabe!$B$11&""
A11: Ruhewerte | B11: ="Laktat "&IF(ISNUMBER(k_rest),FIXED(k_rest,2,TRUE),"–")&" mmol/L Glukose "&IF(ISNUMBER(Eingabe!$E$10),FIXED(Eingabe!$E$10,k_gd,TRUE),"–")&" "&k_gluU
A13: Gemessene Werte
A14: Zeit [min] | B14: ="Belastung ["&k_unit&"]" | C14: Pace [min/km] | D14: Laktat [mmol/L] | E14: HF [1/min] | F14: =IF(k_gluOn,"Glukose ["&k_gluU&"]","")
A15: =IF(1<=k_n,INDEX(Eingabe!$B$17:$B$36,Calc!$H$3)&"","") | B15: =IF(1<=k_n,ROUND(Calc!$G$3,k_xd),"") | C15: =IF(AND(k_run,1<=k_n),IF(N(Calc!$G$3)>0,INT(ROUND(3600/(Calc!$G$3),0)/60)&":"&TEXT(MOD(ROUND(3600/(Calc!$G$3),0),60),"00"),"–"),"") | D15: =IF(1<=k_n,Calc!$I$3,"") | E15: =IF(1<=k_n,IF(ISNUMBER(Calc!$J$3),Calc!$J$3,"–"),"") | F15: =IF(AND(k_gluOn,1<=k_n),IF(ISNUMBER(INDEX(Eingabe!$F$17:$F$36,Calc!$H$3)),INDEX(Eingabe!$F$17:$F$36,Calc!$H$3),"–"),"")
A16: =IF(2<=k_n,INDEX(Eingabe!$B$17:$B$36,Calc!$H$4)&"","") | B16: =IF(2<=k_n,ROUND(Calc!$G$4,k_xd),"") | C16: =IF(AND(k_run,2<=k_n),IF(N(Calc!$G$4)>0,INT(ROUND(3600/(Calc!$G$4),0)/60)&":"&TEXT(MOD(ROUND(3600/(Calc!$G$4),0),60),"00"),"–"),"") | D16: =IF(2<=k_n,Calc!$I$4,"") | E16: =IF(2<=k_n,IF(ISNUMBER(Calc!$J$4),Calc!$J$4,"–"),"") | F16: =IF(AND(k_gluOn,2<=k_n),IF(ISNUMBER(INDEX(Eingabe!$F$17:$F$36,Calc!$H$4)),INDEX(Eingabe!$F$17:$F$36,Calc!$H$4),"–"),"")
A17: =IF(3<=k_n,INDEX(Eingabe!$B$17:$B$36,Calc!$H$5)&"","") | B17: =IF(3<=k_n,ROUND(Calc!$G$5,k_xd),"") | C17: =IF(AND(k_run,3<=k_n),IF(N(Calc!$G$5)>0,INT(ROUND(3600/(Calc!$G$5),0)/60)&":"&TEXT(MOD(ROUND(3600/(Calc!$G$5),0),60),"00"),"–"),"") | D17: =IF(3<=k_n,Calc!$I$5,"") | E17: =IF(3<=k_n,IF(ISNUMBER(Calc!$J$5),Calc!$J$5,"–"),"") | F17: =IF(AND(k_gluOn,3<=k_n),IF(ISNUMBER(INDEX(Eingabe!$F$17:$F$36,Calc!$H$5)),INDEX(Eingabe!$F$17:$F$36,Calc!$H$5),"–"),"")
A18: =IF(4<=k_n,INDEX(Eingabe!$B$17:$B$36,Calc!$H$6)&"","") | B18: =IF(4<=k_n,ROUND(Calc!$G$6,k_xd),"") | C18: =IF(AND(k_run,4<=k_n),IF(N(Calc!$G$6)>0,INT(ROUND(3600/(Calc!$G$6),0)/60)&":"&TEXT(MOD(ROUND(3600/(Calc!$G$6),0),60),"00"),"–"),"") | D18: =IF(4<=k_n,Calc!$I$6,"") | E18: =IF(4<=k_n,IF(ISNUMBER(Calc!$J$6),Calc!$J$6,"–"),"") | F18: =IF(AND(k_gluOn,4<=k_n),IF(ISNUMBER(INDEX(Eingabe!$F$17:$F$36,Calc!$H$6)),INDEX(Eingabe!$F$17:$F$36,Calc!$H$6),"–"),"")
A19: =IF(5<=k_n,INDEX(Eingabe!$B$17:$B$36,Calc!$H$7)&"","") | B19: =IF(5<=k_n,ROUND(Calc!$G$7,k_xd),"") | C19: =IF(AND(k_run,5<=k_n),IF(N(Calc!$G$7)>0,INT(ROUND(3600/(Calc!$G$7),0)/60)&":"&TEXT(MOD(ROUND(3600/(Calc!$G$7),0),60),"00"),"–"),"") | D19: =IF(5<=k_n,Calc!$I$7,"") | E19: =IF(5<=k_n,IF(ISNUMBER(Calc!$J$7),Calc!$J$7,"–"),"") | F19: =IF(AND(k_gluOn,5<=k_n),IF(ISNUMBER(INDEX(Eingabe!$F$17:$F$36,Calc!$H$7)),INDEX(Eingabe!$F$17:$F$36,Calc!$H$7),"–"),"")
A20: =IF(6<=k_n,INDEX(Eingabe!$B$17:$B$36,Calc!$H$8)&"","") | B20: =IF(6<=k_n,ROUND(Calc!$G$8,k_xd),"") | C20: =IF(AND(k_run,6<=k_n),IF(N(Calc!$G$8)>0,INT(ROUND(3600/(Calc!$G$8),0)/60)&":"&TEXT(MOD(ROUND(3600/(Calc!$G$8),0),60),"00"),"–"),"") | D20: =IF(6<=k_n,Calc!$I$8,"") | E20: =IF(6<=k_n,IF(ISNUMBER(Calc!$J$8),Calc!$J$8,"–"),"") | F20: =IF(AND(k_gluOn,6<=k_n),IF(ISNUMBER(INDEX(Eingabe!$F$17:$F$36,Calc!$H$8)),INDEX(Eingabe!$F$17:$F$36,Calc!$H$8),"–"),"")
A21: =IF(7<=k_n,INDEX(Eingabe!$B$17:$B$36,Calc!$H$9)&"","") | B21: =IF(7<=k_n,ROUND(Calc!$G$9,k_xd),"") | C21: =IF(AND(k_run,7<=k_n),IF(N(Calc!$G$9)>0,INT(ROUND(3600/(Calc!$G$9),0)/60)&":"&TEXT(MOD(ROUND(3600/(Calc!$G$9),0),60),"00"),"–"),"") | D21: =IF(7<=k_n,Calc!$I$9,"") | E21: =IF(7<=k_n,IF(ISNUMBER(Calc!$J$9),Calc!$J$9,"–"),"") | F21: =IF(AND(k_gluOn,7<=k_n),IF(ISNUMBER(INDEX(Eingabe!$F$17:$F$36,Calc!$H$9)),INDEX(Eingabe!$F$17:$F$36,Calc!$H$9),"–"),"")
A22: =IF(8<=k_n,INDEX(Eingabe!$B$17:$B$36,Calc!$H$10)&"","") | B22: =IF(8<=k_n,ROUND(Calc!$G$10,k_xd),"") | C22: =IF(AND(k_run,8<=k_n),IF(N(Calc!$G$10)>0,INT(ROUND(3600/(Calc!$G$10),0)/60)&":"&TEXT(MOD(ROUND(3600/(Calc!$G$10),0),60),"00"),"–"),"") | D22: =IF(8<=k_n,Calc!$I$10,"") | E22: =IF(8<=k_n,IF(ISNUMBER(Calc!$J$10),Calc!$J$10,"–"),"") | F22: =IF(AND(k_gluOn,8<=k_n),IF(ISNUMBER(INDEX(Eingabe!$F$17:$F$36,Calc!$H$10)),INDEX(Eingabe!$F$17:$F$36,Calc!$H$10),"–"),"")
A23: =IF(9<=k_n,INDEX(Eingabe!$B$17:$B$36,Calc!$H$11)&"","") | B23: =IF(9<=k_n,ROUND(Calc!$G$11,k_xd),"") | C23: =IF(AND(k_run,9<=k_n),IF(N(Calc!$G$11)>0,INT(ROUND(3600/(Calc!$G$11),0)/60)&":"&TEXT(MOD(ROUND(3600/(Calc!$G$11),0),60),"00"),"–"),"") | D23: =IF(9<=k_n,Calc!$I$11,"") | E23: =IF(9<=k_n,IF(ISNUMBER(Calc!$J$11),Calc!$J$11,"–"),"") | F23: =IF(AND(k_gluOn,9<=k_n),IF(ISNUMBER(INDEX(Eingabe!$F$17:$F$36,Calc!$H$11)),INDEX(Eingabe!$F$17:$F$36,Calc!$H$11),"–"),"")
A24: =IF(10<=k_n,INDEX(Eingabe!$B$17:$B$36,Calc!$H$12)&"","") | B24: =IF(10<=k_n,ROUND(Calc!$G$12,k_xd),"") | C24: =IF(AND(k_run,10<=k_n),IF(N(Calc!$G$12)>0,INT(ROUND(3600/(Calc!$G$12),0)/60)&":"&TEXT(MOD(ROUND(3600/(Calc!$G$12),0),60),"00"),"–"),"") | D24: =IF(10<=k_n,Calc!$I$12,"") | E24: =IF(10<=k_n,IF(ISNUMBER(Calc!$J$12),Calc!$J$12,"–"),"") | F24: =IF(AND(k_gluOn,10<=k_n),IF(ISNUMBER(INDEX(Eingabe!$F$17:$F$36,Calc!$H$12)),INDEX(Eingabe!$F$17:$F$36,Calc!$H$12),"–"),"")
A25: =IF(11<=k_n,INDEX(Eingabe!$B$17:$B$36,Calc!$H$13)&"","") | B25: =IF(11<=k_n,ROUND(Calc!$G$13,k_xd),"") | C25: =IF(AND(k_run,11<=k_n),IF(N(Calc!$G$13)>0,INT(ROUND(3600/(Calc!$G$13),0)/60)&":"&TEXT(MOD(ROUND(3600/(Calc!$G$13),0),60),"00"),"–"),"") | D25: =IF(11<=k_n,Calc!$I$13,"") | E25: =IF(11<=k_n,IF(ISNUMBER(Calc!$J$13),Calc!$J$13,"–"),"") | F25: =IF(AND(k_gluOn,11<=k_n),IF(ISNUMBER(INDEX(Eingabe!$F$17:$F$36,Calc!$H$13)),INDEX(Eingabe!$F$17:$F$36,Calc!$H$13),"–"),"")
A26: =IF(12<=k_n,INDEX(Eingabe!$B$17:$B$36,Calc!$H$14)&"","") | B26: =IF(12<=k_n,ROUND(Calc!$G$14,k_xd),"") | C26: =IF(AND(k_run,12<=k_n),IF(N(Calc!$G$14)>0,INT(ROUND(3600/(Calc!$G$14),0)/60)&":"&TEXT(MOD(ROUND(3600/(Calc!$G$14),0),60),"00"),"–"),"") | D26: =IF(12<=k_n,Calc!$I$14,"") | E26: =IF(12<=k_n,IF(ISNUMBER(Calc!$J$14),Calc!$J$14,"–"),"") | F26: =IF(AND(k_gluOn,12<=k_n),IF(ISNUMBER(INDEX(Eingabe!$F$17:$F$36,Calc!$H$14)),INDEX(Eingabe!$F$17:$F$36,Calc!$H$14),"–"),"")
A27: =IF(13<=k_n,INDEX(Eingabe!$B$17:$B$36,Calc!$H$15)&"","") | B27: =IF(13<=k_n,ROUND(Calc!$G$15,k_xd),"") | C27: =IF(AND(k_run,13<=k_n),IF(N(Calc!$G$15)>0,INT(ROUND(3600/(Calc!$G$15),0)/60)&":"&TEXT(MOD(ROUND(3600/(Calc!$G$15),0),60),"00"),"–"),"") | D27: =IF(13<=k_n,Calc!$I$15,"") | E27: =IF(13<=k_n,IF(ISNUMBER(Calc!$J$15),Calc!$J$15,"–"),"") | F27: =IF(AND(k_gluOn,13<=k_n),IF(ISNUMBER(INDEX(Eingabe!$F$17:$F$36,Calc!$H$15)),INDEX(Eingabe!$F$17:$F$36,Calc!$H$15),"–"),"")
A28: =IF(14<=k_n,INDEX(Eingabe!$B$17:$B$36,Calc!$H$16)&"","") | B28: =IF(14<=k_n,ROUND(Calc!$G$16,k_xd),"") | C28: =IF(AND(k_run,14<=k_n),IF(N(Calc!$G$16)>0,INT(ROUND(3600/(Calc!$G$16),0)/60)&":"&TEXT(MOD(ROUND(3600/(Calc!$G$16),0),60),"00"),"–"),"") | D28: =IF(14<=k_n,Calc!$I$16,"") | E28: =IF(14<=k_n,IF(ISNUMBER(Calc!$J$16),Calc!$J$16,"–"),"") | F28: =IF(AND(k_gluOn,14<=k_n),IF(ISNUMBER(INDEX(Eingabe!$F$17:$F$36,Calc!$H$16)),INDEX(Eingabe!$F$17:$F$36,Calc!$H$16),"–"),"")
A29: =IF(15<=k_n,INDEX(Eingabe!$B$17:$B$36,Calc!$H$17)&"","") | B29: =IF(15<=k_n,ROUND(Calc!$G$17,k_xd),"") | C29: =IF(AND(k_run,15<=k_n),IF(N(Calc!$G$17)>0,INT(ROUND(3600/(Calc!$G$17),0)/60)&":"&TEXT(MOD(ROUND(3600/(Calc!$G$17),0),60),"00"),"–"),"") | D29: =IF(15<=k_n,Calc!$I$17,"") | E29: =IF(15<=k_n,IF(ISNUMBER(Calc!$J$17),Calc!$J$17,"–"),"") | F29: =IF(AND(k_gluOn,15<=k_n),IF(ISNUMBER(INDEX(Eingabe!$F$17:$F$36,Calc!$H$17)),INDEX(Eingabe!$F$17:$F$36,Calc!$H$17),"–"),"")
A30: =IF(16<=k_n,INDEX(Eingabe!$B$17:$B$36,Calc!$H$18)&"","") | B30: =IF(16<=k_n,ROUND(Calc!$G$18,k_xd),"") | C30: =IF(AND(k_run,16<=k_n),IF(N(Calc!$G$18)>0,INT(ROUND(3600/(Calc!$G$18),0)/60)&":"&TEXT(MOD(ROUND(3600/(Calc!$G$18),0),60),"00"),"–"),"") | D30: =IF(16<=k_n,Calc!$I$18,"") | E30: =IF(16<=k_n,IF(ISNUMBER(Calc!$J$18),Calc!$J$18,"–"),"") | F30: =IF(AND(k_gluOn,16<=k_n),IF(ISNUMBER(INDEX(Eingabe!$F$17:$F$36,Calc!$H$18)),INDEX(Eingabe!$F$17:$F$36,Calc!$H$18),"–"),"")
A31: =IF(17<=k_n,INDEX(Eingabe!$B$17:$B$36,Calc!$H$19)&"","") | B31: =IF(17<=k_n,ROUND(Calc!$G$19,k_xd),"") | C31: =IF(AND(k_run,17<=k_n),IF(N(Calc!$G$19)>0,INT(ROUND(3600/(Calc!$G$19),0)/60)&":"&TEXT(MOD(ROUND(3600/(Calc!$G$19),0),60),"00"),"–"),"") | D31: =IF(17<=k_n,Calc!$I$19,"") | E31: =IF(17<=k_n,IF(ISNUMBER(Calc!$J$19),Calc!$J$19,"–"),"") | F31: =IF(AND(k_gluOn,17<=k_n),IF(ISNUMBER(INDEX(Eingabe!$F$17:$F$36,Calc!$H$19)),INDEX(Eingabe!$F$17:$F$36,Calc!$H$19),"–"),"")
A32: =IF(18<=k_n,INDEX(Eingabe!$B$17:$B$36,Calc!$H$20)&"","") | B32: =IF(18<=k_n,ROUND(Calc!$G$20,k_xd),"") | C32: =IF(AND(k_run,18<=k_n),IF(N(Calc!$G$20)>0,INT(ROUND(3600/(Calc!$G$20),0)/60)&":"&TEXT(MOD(ROUND(3600/(Calc!$G$20),0),60),"00"),"–"),"") | D32: =IF(18<=k_n,Calc!$I$20,"") | E32: =IF(18<=k_n,IF(ISNUMBER(Calc!$J$20),Calc!$J$20,"–"),"") | F32: =IF(AND(k_gluOn,18<=k_n),IF(ISNUMBER(INDEX(Eingabe!$F$17:$F$36,Calc!$H$20)),INDEX(Eingabe!$F$17:$F$36,Calc!$H$20),"–"),"")
A33: =IF(19<=k_n,INDEX(Eingabe!$B$17:$B$36,Calc!$H$21)&"","") | B33: =IF(19<=k_n,ROUND(Calc!$G$21,k_xd),"") | C33: =IF(AND(k_run,19<=k_n),IF(N(Calc!$G$21)>0,INT(ROUND(3600/(Calc!$G$21),0)/60)&":"&TEXT(MOD(ROUND(3600/(Calc!$G$21),0),60),"00"),"–"),"") | D33: =IF(19<=k_n,Calc!$I$21,"") | E33: =IF(19<=k_n,IF(ISNUMBER(Calc!$J$21),Calc!$J$21,"–"),"") | F33: =IF(AND(k_gluOn,19<=k_n),IF(ISNUMBER(INDEX(Eingabe!$F$17:$F$36,Calc!$H$21)),INDEX(Eingabe!$F$17:$F$36,Calc!$H$21),"–"),"")
A34: =IF(20<=k_n,INDEX(Eingabe!$B$17:$B$36,Calc!$H$22)&"","") | B34: =IF(20<=k_n,ROUND(Calc!$G$22,k_xd),"") | C34: =IF(AND(k_run,20<=k_n),IF(N(Calc!$G$22)>0,INT(ROUND(3600/(Calc!$G$22),0)/60)&":"&TEXT(MOD(ROUND(3600/(Calc!$G$22),0),60),"00"),"–"),"") | D34: =IF(20<=k_n,Calc!$I$22,"") | E34: =IF(20<=k_n,IF(ISNUMBER(Calc!$J$22),Calc!$J$22,"–"),"") | F34: =IF(AND(k_gluOn,20<=k_n),IF(ISNUMBER(INDEX(Eingabe!$F$17:$F$36,Calc!$H$22)),INDEX(Eingabe!$F$17:$F$36,Calc!$H$22),"–"),"")
A36: Schwellen und Maximalwerte
B37: Verfahren | C37: ="Belastung ["&k_unit&"]" | D37: Pace [min/km] | E37: Laktat [mmol/L] | F37: HF [1/min] | G37: HF [%]
A38: LT1 | B38: =IF(k_ok,Eingabe!$I$5&IF(k_man1," (manuell)",""),"") | C38: =IF(AND(k_ok,ISNUMBER(k_x1)),ROUND(k_x1,k_xd),"–") | D38: =IF(AND(k_ok,k_run,ISNUMBER(k_x1)),IF(N(k_x1)>0,INT(ROUND(3600/(k_x1),0)/60)&":"&TEXT(MOD(ROUND(3600/(k_x1),0),60),"00"),"–"),"–") | E38: =IF(AND(k_ok,ISNUMBER(k_x1)),ROUND(k_la1,2),"–") | F38: =IF(AND(k_ok,ISNUMBER(k_x1)),IFERROR(ROUND(IF(k_hrok,k_h0+k_h1*(k_x1)+k_h2*(k_x1)^2,""),0),"–"),"–") | G38: =IF(AND(ISNUMBER(F38),ISNUMBER(k_hrmax)),ROUND(F38/k_hrmax*100,1),"–")
A39: LT2 | B39: =IF(k_ok,Eingabe!$I$6&IF(k_man2," (manuell)",""),"") | C39: =IF(AND(k_ok,ISNUMBER(k_x2)),ROUND(k_x2,k_xd),"–") | D39: =IF(AND(k_ok,k_run,ISNUMBER(k_x2)),IF(N(k_x2)>0,INT(ROUND(3600/(k_x2),0)/60)&":"&TEXT(MOD(ROUND(3600/(k_x2),0),60),"00"),"–"),"–") | E39: =IF(AND(k_ok,ISNUMBER(k_x2)),ROUND(k_la2,2),"–") | F39: =IF(AND(k_ok,ISNUMBER(k_x2)),IFERROR(ROUND(IF(k_hrok,k_h0+k_h1*(k_x2)+k_h2*(k_x2)^2,""),0),"–"),"–") | G39: =IF(AND(ISNUMBER(F39),ISNUMBER(k_hrmax)),ROUND(F39/k_hrmax*100,1),"–")
A40: 4 mmol/L | B40: =IF(k_ok,"Vergleichspunkt","") | C40: =IF(AND(k_ok,ISNUMBER(IF(INDEX(Calc!$E$208:$E$247,5),INDEX(Calc!$D$208:$D$247,5),""))),ROUND(IF(INDEX(Calc!$E$208:$E$247,5),INDEX(Calc!$D$208:$D$247,5),""),k_xd),"–") | D40: =IF(AND(k_ok,k_run,ISNUMBER(IF(INDEX(Calc!$E$208:$E$247,5),INDEX(Calc!$D$208:$D$247,5),""))),IF(N(IF(INDEX(Calc!$E$208:$E$247,5),INDEX(Calc!$D$208:$D$247,5),""))>0,INT(ROUND(3600/(IF(INDEX(Calc!$E$208:$E$247,5),INDEX(Calc!$D$208:$D$247,5),"")),0)/60)&":"&TEXT(MOD(ROUND(3600/(IF(INDEX(Calc!$E$208:$E$247,5),INDEX(Calc!$D$208:$D$247,5),"")),0),60),"00"),"–"),"–") | E40: =IF(AND(k_ok,ISNUMBER(IF(INDEX(Calc!$E$208:$E$247,5),INDEX(Calc!$D$208:$D$247,5),""))),ROUND(4,2),"–") | F40: =IF(AND(k_ok,ISNUMBER(IF(INDEX(Calc!$E$208:$E$247,5),INDEX(Calc!$D$208:$D$247,5),""))),IFERROR(ROUND(IF(k_hrok,k_h0+k_h1*(IF(INDEX(Calc!$E$208:$E$247,5),INDEX(Calc!$D$208:$D$247,5),""))+k_h2*(IF(INDEX(Calc!$E$208:$E$247,5),INDEX(Calc!$D$208:$D$247,5),""))^2,""),0),"–"),"–") | G40: =IF(AND(ISNUMBER(F40),ISNUMBER(k_hrmax)),ROUND(F40/k_hrmax*100,1),"–")
A41: Maximum | B41: =IF(k_ok,"letzte Stufe","") | C41: =IF(AND(k_ok,ISNUMBER(k_hi)),ROUND(k_hi,k_xd),"–") | D41: =IF(AND(k_ok,k_run,ISNUMBER(k_hi)),IF(N(k_hi)>0,INT(ROUND(3600/(k_hi),0)/60)&":"&TEXT(MOD(ROUND(3600/(k_hi),0),60),"00"),"–"),"–") | E41: =IF(AND(k_ok,ISNUMBER(k_hi)),ROUND(k_ylast,2),"–") | F41: =IF(AND(k_ok,ISNUMBER(k_hi)),IFERROR(ROUND(k_hrlast,0),"–"),"–") | G41: =IF(AND(ISNUMBER(F41),ISNUMBER(k_hrmax)),ROUND(F41/k_hrmax*100,1),"–")
A43: Trainingsbereiche
A44: Trainingsbereich | C44: HF von | D44: HF bis | E44: ="von ["&k_unit&"]" | F44: ="bis ["&k_unit&"]" | G44: Pace von | H44: Pace bis
A45: =Auswertung!$A$39&IF(k_zm0," *","") | C45: =Auswertung!B39 | D45: =Auswertung!C39 | E45: =Auswertung!D39 | F45: =Auswertung!E39 | G45: =Auswertung!F39 | H45: =Auswertung!G39
A46: =Auswertung!$A$40&IF(k_zm1," *","") | C46: =Auswertung!B40 | D46: =Auswertung!C40 | E46: =Auswertung!D40 | F46: =Auswertung!E40 | G46: =Auswertung!F40 | H46: =Auswertung!G40
A47: =Auswertung!$A$41&IF(k_zm2," *","") | C47: =Auswertung!B41 | D47: =Auswertung!C41 | E47: =Auswertung!D41 | F47: =Auswertung!E41 | G47: =Auswertung!F41 | H47: =Auswertung!G41
A48: =Auswertung!$A$42&IF(k_zm3," *","") | C48: =Auswertung!B42 | D48: =Auswertung!C42 | E48: =Auswertung!D42 | F48: =Auswertung!E42 | G48: =Auswertung!F42 | H48: =Auswertung!G42
A49: =Auswertung!$A$43&IF(k_zm4," *","") | C49: =Auswertung!B43 | D49: =Auswertung!C43 | E49: =Auswertung!D43 | F49: =Auswertung!E43 | G49: =Auswertung!F43 | H49: =Auswertung!G43
A50: =IF(OR(k_zm0,k_zm1,k_zm2,k_zm3,k_zm4),"* Bereichsgrenze manuell angepasst","")
A52: Laktat zu Belastung
A74: =IF(k_ok,"Modell: "&INDEX(Listen!$F$2:$F$5,k_model)&", R² "&FIXED(N(k_r2),4,TRUE)&", RMSE "&FIXED(k_rmse,3,TRUE)&" mmol/L"&IF(k_gok," · rot: Hilfsgeraden (RMSE "&FIXED(k_grmse,3,TRUE)&" mmol/L)",""),"")
A76: Herzfrequenz zu Belastung
A99: Tabellarische Aufstellung
A100: Laktat [mmol/L] | B100: ="Belastung ["&k_unit&"]" | C100: Pace [min/km] | D100: Belastung [m/s] | E100: HF [1/min]
A101: =Auswertung!A48 | B101: =Auswertung!B48 | C101: =Auswertung!C48&"" | D101: =Auswertung!D48 | E101: =Auswertung!E48
A102: =Auswertung!A49 | B102: =Auswertung!B49 | C102: =Auswertung!C49&"" | D102: =Auswertung!D49 | E102: =Auswertung!E49
A103: =Auswertung!A50 | B103: =Auswertung!B50 | C103: =Auswertung!C50&"" | D103: =Auswertung!D50 | E103: =Auswertung!E50
A104: =Auswertung!A51 | B104: =Auswertung!B51 | C104: =Auswertung!C51&"" | D104: =Auswertung!D51 | E104: =Auswertung!E51
A105: =Auswertung!A52 | B105: =Auswertung!B52 | C105: =Auswertung!C52&"" | D105: =Auswertung!D52 | E105: =Auswertung!E52
A106: =Auswertung!A53 | B106: =Auswertung!B53 | C106: =Auswertung!C53&"" | D106: =Auswertung!D53 | E106: =Auswertung!E53
A107: =Auswertung!A54 | B107: =Auswertung!B54 | C107: =Auswertung!C54&"" | D107: =Auswertung!D54 | E107: =Auswertung!E54
A108: =Auswertung!A55 | B108: =Auswertung!B55 | C108: =Auswertung!C55&"" | D108: =Auswertung!D55 | E108: =Auswertung!E55
A109: =Auswertung!A56 | B109: =Auswertung!B56 | C109: =Auswertung!C56&"" | D109: =Auswertung!D56 | E109: =Auswertung!E56
A110: =Auswertung!A57 | B110: =Auswertung!B57 | C110: =Auswertung!C57&"" | D110: =Auswertung!D57 | E110: =Auswertung!E57
A111: =Auswertung!A58 | B111: =Auswertung!B58 | C111: =Auswertung!C58&"" | D111: =Auswertung!D58 | E111: =Auswertung!E58
A112: =Auswertung!A59 | B112: =Auswertung!B59 | C112: =Auswertung!C59&"" | D112: =Auswertung!D59 | E112: =Auswertung!E59
... A120: =Auswertung!A67 | B120: =Auswertung!B67 | C120: =Auswertung!C67&"" | D120: =Auswertung!D67 | E120: =Auswertung!E67
A122: Erläuterung der Trainingsbereiche
A123: A0 Regeneration/Kompensation | B123: Unterhalb der Trainingsreizschwelle. Dient der Erholung nach intensiven Einheiten: kurz, locker, gleichmäßig. Beispiel: 15–20 min lockeres Laufen oder 30 min lockeres Radfahren.
A124: A1 Extensives Ausdauertraining 1 | B124: Aufbau der Grundlagenausdauer mit langen, ruhigen Einheiten bei geringer Intensität (Dauermethode, konstantes oder leicht wechselndes Tempo). Beispiel: 60–120 min Dauerlauf.
A125: A2 Extensives Ausdauertraining 2 | B125: Ausbau der Ausdauerbasis bei mittlerer Intensität, kürzer als A1. Dauermethode oder Wechseltempo zwischen unterer und oberer Bereichsgrenze. Beispiel: 45–60 min Dauerlauf.
A126: A3 Intensives Ausdauertraining | B126: Training im Bereich um die obere Schwelle, mittlere bis hohe Intensität. Dauer- oder Intervallmethode. Beispiel: 30–60 min zügiger Dauerlauf oder Intervalle mit lohnender Pause.
A127: A4 Entwicklungsbereich | B127: Oberhalb der Schwelle, hohe Intensität, kurze Belastungen. Vor allem Intervallmethode mit ausreichenden Pausen. Beispiel: 10–30 min Gesamtbelastung in Intervallen.
A129: Methodik
A130: =IF(Calc!$B$250<>"",Calc!$A$250,"") | B130: =Calc!$B$250
A131: =IF(Calc!$B$251<>"",Calc!$A$251,"") | B131: =Calc!$B$251
A132: =IF(Calc!$B$252<>"",Calc!$A$252,"") | B132: =Calc!$B$252
A133: =IF(Calc!$B$253<>"",Calc!$A$253,"") | B133: =Calc!$B$253
A134: =IF(Calc!$B$254<>"",Calc!$A$254,"") | B134: =Calc!$B$254
A135: =IF(Calc!$B$255<>"",Calc!$A$255,"") | B135: =Calc!$B$255
A136: =IF(Calc!$B$256<>"",Calc!$A$256,"") | B136: =Calc!$B$256
A137: =IF(Calc!$B$257<>"",Calc!$A$257,"") | B137: =Calc!$B$257
A138: =IF(Calc!$B$258<>"",Calc!$A$258,"") | B138: =Calc!$B$258
A140: Hinweise zur Auswertung
A141: =IF(Auswertung!$A$21<>"","– "&Auswertung!$A$21,"")
A142: =IF(Auswertung!$A$22<>"","– "&Auswertung!$A$22,"")
A143: =IF(Auswertung!$A$23<>"","– "&Auswertung!$A$23,"")
A144: =IF(Auswertung!$A$24<>"","– "&Auswertung!$A$24,"")
A145: =IF(Auswertung!$A$25<>"","– "&Auswertung!$A$25,"")
A146: =IF(Auswertung!$A$26<>"","– "&Auswertung!$A$26,"")
A147: =IF(Auswertung!$A$27<>"","– "&Auswertung!$A$27,"")
A148: =IF(Auswertung!$A$28<>"","– "&Auswertung!$A$28,"")
A149: =IF(Auswertung!$A$29<>"","– "&Auswertung!$A$29,"")
A150: =IF(Auswertung!$A$30<>"","– "&Auswertung!$A$30,"")
A151: =IF(Auswertung!$A$31<>"","– "&Auswertung!$A$31,"")
A152: =IF(Auswertung!$A$32<>"","– "&Auswertung!$A$32,"")
A153: =IF(Auswertung!$A$33<>"","– "&Auswertung!$A$33,"")
A154: =IF(Auswertung!$A$34<>"","– "&Auswertung!$A$34,"")
A155: =IF(Auswertung!$A$35<>"","– "&Auswertung!$A$35,"")

Sheet Beispiele
A1: Beispieldaten aus der Webapp
A2: Zum Ausprobieren: Werte in die gelben Felder des Blatts „Eingabe“ kopieren (Messwerte nach Eingabe!B17, Stammdaten einzeln).
A4: Mayer Elisabeth · Laufband 22.09.2026
A5: Name | B5: Mayer Elisabeth
A6: Geburtsdatum | B6: 15.07.2012
A7: Testdatum | B7: 22.09.2026
A8: Größe [cm] | B8: 155.1
A9: Masse [kg] | B9: 40.4
A10: Testleitung | B10: Ernst Johannes, BSc
A11: Stufenhöhe | B11: 1,5 km/h
A12: Ruhelaktat [mmol/L] | B12: 1.6
A13: Ruheglukose [mg/dL] | B13: 81
B14: Zeit | C14: Belastung [km/h] | D14: Laktat [mmol/L] | E14: HF [1/min]
B15: 03:00 | C15: 6 | D15: 2.2 | E15: 145
B16: 06:00 | C16: 7.5 | D16: 2.3 | E16: 167
B17: 09:00 | C17: 9 | D17: 2.7 | E17: 184
B18: 12:00 | C18: 10.5 | D18: 3.5 | E18: 193
B19: 15:00 | C19: 12 | D19: 5.1 | E19: 200
B20: 18:00 | C20: 13.5 | D20: 8.2 | E20: 207
B21: 19:30 | C21: 14.25 | D21: 9.3 | E21: 208
A24: Lan Ryan · Laufband 22.09.2026
A25: Name | B25: Lan Ryan
A26: Geburtsdatum | B26: 12.04.2012
A27: Testdatum | B27: 22.09.2026
A28: Größe [cm] | B28: 163.8
A29: Masse [kg] | B29: 47.5
A30: Testleitung | B30: Ernst Johannes, BSc
A31: Stufenhöhe | B31: 1,5 km/h
A32: Ruhelaktat [mmol/L] | B32: 1.1
A33: Ruheglukose [mg/dL] | B33: 101
B34: Zeit | C34: Belastung [km/h] | D34: Laktat [mmol/L] | E34: HF [1/min]
B35: 03:00 | C35: 6 | D35: 1.6 | E35: 153
B36: 06:00 | C36: 7.5 | D36: 1.7 | E36: 164
B37: 09:00 | C37: 9 | D37: 2.1 | E37: 180
B38: 12:00 | C38: 10.5 | D38: 2.4 | E38: 190
B39: 15:00 | C39: 12 | D39: 3.1 | E39: 199
B40: 18:00 | C40: 13.5 | D40: 4.6 | E40: 211

Sheet Listen
A1: id | B1: Verfahren | C1: Gruppe | D1: Zielkonstrukt | F1: Modell
A2: ltp1h | B2: LTP1 (Hofmann/Pokan) | C2: LT1 | D2: erster Laktatumstellpunkt | F2: Polynom 2. Grades | G2: poly2 | H2: Laufband (km/h) | I2: Kapillar Ohrläppchen | J2: Vollblut | K2: niedrigster Stufenwert | L2: linear | M2: korrigiert: nie unterhalb der Laktatkurve | N2: Nein | O2: mg/dL
A3: ltp1 | B3: LTP1 (3-Phasen global) | C3: LT1 | D3: erster Laktatumstellpunkt | F3: Polynom 3. Grades (Standard für Dmax) | G3: poly3 | H3: Radergometer (W) | I3: Kapillar Finger | J3: Plasma | K3: Ruhelaktat | L3: Polynom 2. Grades | M3: freie Regression durch die Messpunkte | N3: Ja | O3: mmol/L
A4: loglog | B4: Log-Log (Beaver) | C4: LT1 | D4: erster Laktatanstieg | F4: Polynom 4. Grades | G4: poly4 | I4: venös | J4: Hämolysat
A5: b05 | B5: Baseline + 0,5 mmol/L | C5: LT1 | D5: erster Laktatanstieg | F5: Exponentiell a + b·e^(c·x) | G5: exp
A6: lemin | B6: Minimales Laktatäquivalent | C6: LT1 | D6: erster Laktatanstieg
A7: fix2 | B7: fix 2,0 mmol/L | C7: LT1 | D7: niedriger fixer Anker
A8: ltp2h | B8: LTP2 (Hofmann/Pokan) | C8: LT2 | D8: zweiter Laktatumstellpunkt
A9: ltp2 | B9: LTP2 (3-Phasen global) | C9: LT2 | D9: zweiter Laktatumstellpunkt
A10: dmax | B10: Dmax (Cheng) | C10: LT2 | D10: LT2
A11: moddmax | B11: Modified Dmax (Bishop) | C11: LT2 | D11: LT2
A12: lpdmax | B12: Log-Poly-ModDmax | C12: LT2 | D12: LT2 / MLSS-Schätzer
A13: expdmax | B13: Exp-Dmax | C13: LT2 | D13: LT2
A14: dickhuth | B14: Dickhuth (LEmin + 1,5) | C14: LT2 | D14: individuelle obere Schwelle
A15: b10 | B15: Baseline + 1,0 mmol/L | C15: LT2 | D15: Übergangsbereich
A16: b15 | B16: Baseline + 1,5 mmol/L | C16: LT2 | D16: obere Schwelle (Simon-Typ)
A17: fix3 | B17: fix 3,0 mmol/L | C17: FIX | D17: fixer Anker
... A22: lmin | B22: Laktatminimum (Tegtbur) | C22: FIX | D22: nur bei LMT-Protokoll

Sheet Calc
A1: Rechenblatt – kompakte Stufenliste, Parameter, Modellanpassung (nicht bearbeiten)
A2: Zeile | B2: Key x | C2: Key HF | D2: Key Glu | F2: k | G2: x | H2: Quelle | I2: La | J2: HF | K2: gültig | L2: t | M2: t² | N2: t³ | O2: t⁴ | P2: ln x | Q2: ln La | R2: fit P2 | S2: fit P3 | T2: fit P4 | U2: fit Exp | V2: x (Diagr.) | W2: La (Diagr.) | X2: La/x (Diagr.) | Y2: ΔLa | Z2: Baldari | AA2: Guide | AC2: k HF | AD2: x HF | AE2: x² HF | AF2: HF | AG2: x HF (D) | AH2: HF (D) | AJ2: k Glu | AK2: x Glu | AL2: Glu | AM2: Δ | AN2: m roh | AP2: m links | AQ2: m rechts
A3: 1 | B3: =IF(AND(ISNUMBER(Eingabe!$C$17),ISNUMBER(Eingabe!$D$17)),IF(AND(Eingabe!$C$17>0,Eingabe!$D$17>0),Eingabe!$C$17,""),"") | C3: =IF(AND(ISNUMBER(B3),ISNUMBER(Eingabe!$E$17)),IF(Eingabe!$E$17>0,B3,""),"") | D3: =IF(AND(k_gluOn,ISNUMBER(B3),ISNUMBER(Eingabe!$F$17)),IF(Eingabe!$F$17>0,B3,""),"") | F3: 1 | G3: =IF(F3<=k_n,SMALL($B$3:$B$22,F3),0) | H3: =IF(F3<=k_n,MATCH(G3,$B$3:$B$22,0),0) | I3: =IF(F3<=k_n,INDEX(Eingabe!$D$17:$D$36,H3),0) | J3: =IF(F3<=k_n,IF(ISNUMBER(INDEX(Eingabe!$E$17:$E$36,H3)),INDEX(Eingabe!$E$17:$E$36,H3),""),"") | K3: =IF(F3<=k_n,1,0) | L3: =IF(K3=1,(G3-k_mx)/k_sx,0) | M3: =L3^2 | N3: =L3^3 | O3: =L3^4 | P3: =IF(K3=1,LN(G3),0) | Q3: =IF(K3=1,LN(I3),0) | R3: =IF(K3=1,(k_p2_0+((G3)-k_mx)/k_sx*(k_p2_1+((G3)-k_mx)/k_sx*k_p2_2)),0) | S3: =IF(K3=1,(k_p3_0+((G3)-k_mx)/k_sx*(k_p3_1+((G3)-k_mx)/k_sx*(k_p3_2+((G3)-k_mx)/k_sx*k_p3_3))),0) | T3: =IF(K3=1,(k_p4_0+((G3)-k_mx)/k_sx*(k_p4_1+((G3)-k_mx)/k_sx*(k_p4_2+((G3)-k_mx)/k_sx*(k_p4_3+((G3)-k_mx)/k_sx*k_p4_4)))),0) | U3: =IF(K3=1,(k_ea+k_eb*EXP(k_ec*((G3)-k_mx)/k_sx)),0) | V3: =IF(K3=1,G3,NA()) | W3: =IF(K3=1,I3,NA()) | X3: =IF(K3=1,I3/G3,NA()) | Y3: =0 | Z3: =IF(AND(F3>=2,F3<=k_n-1),IF(AND(Y3>=0.5,Y4>=0.5),1,0),0) | AA3: =IF(K3=1,IF(G3<=k_gk1,k_gy0+(k_gy1-k_gy0)*(G3-k_gx0)/(k_gk1-k_gx0),IF(G3<=k_gk2,k_gy1+(k_gy2-k_gy1)*(G3-k_gk1)/(k_gk2-k_gk1),k_gy2+(k_gy3-k_gy2)*(G3-k_gk2)/(k_gx3-k_gk2))),0) | AC3: 1 | AD3: =IF(AC3<=k_nh,SMALL($C$3:$C$22,AC3),0) | AE3: =AD3^2 | AF3: =IF(AC3<=k_nh,INDEX(Eingabe!$E$17:$E$36,MATCH(AD3,$C$3:$C$22,0)),0) | AG3: =IF(AC3<=k_nh,AD3,NA()) | AH3: =IF(AC3<=k_nh,AF3,NA()) | AJ3: 1 | AK3: =IF(AJ3<=k_ng,SMALL($D$3:$D$22,AJ3),0) | AL3: =IF(AJ3<=k_ng,INDEX(Eingabe!$F$17:$F$36,MATCH(AK3,$D$3:$D$22,0)),0) | AM3: =IF(AJ3<k_ng,(AL4-AL3)/(AK4-AK3),0) | AN3: =AO3 | AO3: =IF(AJ3<=k_ng,IF(AJ3=1,AM3,IF(AJ3=k_ng,0,IF(0*AM3<=0,0,(0+AM3)/2))),0) | AP3: =IF(AJ3<k_ng,IF(AM3=0,0,IF((IF(AM3=0,0,AO3/AM3)^2+IF(AM3=0,0,AO4/AM3)^2)>9,3/SQRT((IF(AM3=0,0,AO3/AM3)^2+IF(AM3=0,0,AO4/AM3)^2))*IF(AM3=0,0,AO3/AM3)*AM3,AO3)),0) | AQ3: =IF(AJ3<k_ng,IF(AM3=0,0,IF((IF(AM3=0,0,AO3/AM3)^2+IF(AM3=0,0,AO4/AM3)^2)>9,3/SQRT((IF(AM3=0,0,AO3/AM3)^2+IF(AM3=0,0,AO4/AM3)^2))*IF(AM3=0,0,AO4/AM3)*AM3,AO4)),0) | AR3: =IF(AJ3<=k_ng,AK3,NA()) | AS3: =IF(AJ3<=k_ng,AL3,NA())
A4: 2 | B4: =IF(AND(ISNUMBER(Eingabe!$C$18),ISNUMBER(Eingabe!$D$18)),IF(AND(Eingabe!$C$18>0,Eingabe!$D$18>0),Eingabe!$C$18,""),"") | C4: =IF(AND(ISNUMBER(B4),ISNUMBER(Eingabe!$E$18)),IF(Eingabe!$E$18>0,B4,""),"") | D4: =IF(AND(k_gluOn,ISNUMBER(B4),ISNUMBER(Eingabe!$F$18)),IF(Eingabe!$F$18>0,B4,""),"") | F4: 2 | G4: =IF(F4<=k_n,SMALL($B$3:$B$22,F4),0) | H4: =IF(F4<=k_n,MATCH(G4,$B$3:$B$22,0),0) | I4: =IF(F4<=k_n,INDEX(Eingabe!$D$17:$D$36,H4),0) | J4: =IF(F4<=k_n,IF(ISNUMBER(INDEX(Eingabe!$E$17:$E$36,H4)),INDEX(Eingabe!$E$17:$E$36,H4),""),"") | K4: =IF(F4<=k_n,1,0) | L4: =IF(K4=1,(G4-k_mx)/k_sx,0) | M4: =L4^2 | N4: =L4^3 | O4: =L4^4 | P4: =IF(K4=1,LN(G4),0) | Q4: =IF(K4=1,LN(I4),0) | R4: =IF(K4=1,(k_p2_0+((G4)-k_mx)/k_sx*(k_p2_1+((G4)-k_mx)/k_sx*k_p2_2)),0) | S4: =IF(K4=1,(k_p3_0+((G4)-k_mx)/k_sx*(k_p3_1+((G4)-k_mx)/k_sx*(k_p3_2+((G4)-k_mx)/k_sx*k_p3_3))),0) | T4: =IF(K4=1,(k_p4_0+((G4)-k_mx)/k_sx*(k_p4_1+((G4)-k_mx)/k_sx*(k_p4_2+((G4)-k_mx)/k_sx*(k_p4_3+((G4)-k_mx)/k_sx*k_p4_4)))),0) | U4: =IF(K4=1,(k_ea+k_eb*EXP(k_ec*((G4)-k_mx)/k_sx)),0) | V4: =IF(K4=1,G4,NA()) | W4: =IF(K4=1,I4,NA()) | X4: =IF(K4=1,I4/G4,NA()) | Y4: =IF(AND(F4>=2,F4<=k_n),ROUND(I4-I3,9),0) | Z4: =IF(AND(F4>=2,F4<=k_n-1),IF(AND(Y4>=0.5,Y5>=0.5),1,0),0) | AA4: =IF(K4=1,IF(G4<=k_gk1,k_gy0+(k_gy1-k_gy0)*(G4-k_gx0)/(k_gk1-k_gx0),IF(G4<=k_gk2,k_gy1+(k_gy2-k_gy1)*(G4-k_gk1)/(k_gk2-k_gk1),k_gy2+(k_gy3-k_gy2)*(G4-k_gk2)/(k_gx3-k_gk2))),0) | AC4: 2 | AD4: =IF(AC4<=k_nh,SMALL($C$3:$C$22,AC4),0) | AE4: =AD4^2 | AF4: =IF(AC4<=k_nh,INDEX(Eingabe!$E$17:$E$36,MATCH(AD4,$C$3:$C$22,0)),0) | AG4: =IF(AC4<=k_nh,AD4,NA()) | AH4: =IF(AC4<=k_nh,AF4,NA()) | AJ4: 2 | AK4: =IF(AJ4<=k_ng,SMALL($D$3:$D$22,AJ4),0) | AL4: =IF(AJ4<=k_ng,INDEX(Eingabe!$F$17:$F$36,MATCH(AK4,$D$3:$D$22,0)),0) | AM4: =IF(AJ4<k_ng,(AL5-AL4)/(AK5-AK4),0) | AN4: =AO4 | AO4: =IF(AJ4<=k_ng,IF(AJ4=1,AM4,IF(AJ4=k_ng,AM3,IF(AM3*AM4<=0,0,(AM3+AM4)/2))),0) | AP4: =IF(AJ4<k_ng,IF(AM4=0,0,IF((IF(AM4=0,0,AO4/AM4)^2+IF(AM4=0,0,AO5/AM4)^2)>9,3/SQRT((IF(AM4=0,0,AO4/AM4)^2+IF(AM4=0,0,AO5/AM4)^2))*IF(AM4=0,0,AO4/AM4)*AM4,AO4)),0) | AQ4: =IF(AJ4<k_ng,IF(AM4=0,0,IF((IF(AM4=0,0,AO4/AM4)^2+IF(AM4=0,0,AO5/AM4)^2)>9,3/SQRT((IF(AM4=0,0,AO4/AM4)^2+IF(AM4=0,0,AO5/AM4)^2))*IF(AM4=0,0,AO5/AM4)*AM4,AO5)),0) | AR4: =IF(AJ4<=k_ng,AK4,NA()) | AS4: =IF(AJ4<=k_ng,AL4,NA())
A5: 3 | B5: =IF(AND(ISNUMBER(Eingabe!$C$19),ISNUMBER(Eingabe!$D$19)),IF(AND(Eingabe!$C$19>0,Eingabe!$D$19>0),Eingabe!$C$19,""),"") | C5: =IF(AND(ISNUMBER(B5),ISNUMBER(Eingabe!$E$19)),IF(Eingabe!$E$19>0,B5,""),"") | D5: =IF(AND(k_gluOn,ISNUMBER(B5),ISNUMBER(Eingabe!$F$19)),IF(Eingabe!$F$19>0,B5,""),"") | F5: 3 | G5: =IF(F5<=k_n,SMALL($B$3:$B$22,F5),0) | H5: =IF(F5<=k_n,MATCH(G5,$B$3:$B$22,0),0) | I5: =IF(F5<=k_n,INDEX(Eingabe!$D$17:$D$36,H5),0) | J5: =IF(F5<=k_n,IF(ISNUMBER(INDEX(Eingabe!$E$17:$E$36,H5)),INDEX(Eingabe!$E$17:$E$36,H5),""),"") | K5: =IF(F5<=k_n,1,0) | L5: =IF(K5=1,(G5-k_mx)/k_sx,0) | M5: =L5^2 | N5: =L5^3 | O5: =L5^4 | P5: =IF(K5=1,LN(G5),0) | Q5: =IF(K5=1,LN(I5),0) | R5: =IF(K5=1,(k_p2_0+((G5)-k_mx)/k_sx*(k_p2_1+((G5)-k_mx)/k_sx*k_p2_2)),0) | S5: =IF(K5=1,(k_p3_0+((G5)-k_mx)/k_sx*(k_p3_1+((G5)-k_mx)/k_sx*(k_p3_2+((G5)-k_mx)/k_sx*k_p3_3))),0) | T5: =IF(K5=1,(k_p4_0+((G5)-k_mx)/k_sx*(k_p4_1+((G5)-k_mx)/k_sx*(k_p4_2+((G5)-k_mx)/k_sx*(k_p4_3+((G5)-k_mx)/k_sx*k_p4_4)))),0) | U5: =IF(K5=1,(k_ea+k_eb*EXP(k_ec*((G5)-k_mx)/k_sx)),0) | V5: =IF(K5=1,G5,NA()) | W5: =IF(K5=1,I5,NA()) | X5: =IF(K5=1,I5/G5,NA()) | Y5: =IF(AND(F5>=2,F5<=k_n),ROUND(I5-I4,9),0) | Z5: =IF(AND(F5>=2,F5<=k_n-1),IF(AND(Y5>=0.5,Y6>=0.5),1,0),0) | AA5: =IF(K5=1,IF(G5<=k_gk1,k_gy0+(k_gy1-k_gy0)*(G5-k_gx0)/(k_gk1-k_gx0),IF(G5<=k_gk2,k_gy1+(k_gy2-k_gy1)*(G5-k_gk1)/(k_gk2-k_gk1),k_gy2+(k_gy3-k_gy2)*(G5-k_gk2)/(k_gx3-k_gk2))),0) | AC5: 3 | AD5: =IF(AC5<=k_nh,SMALL($C$3:$C$22,AC5),0) | AE5: =AD5^2 | AF5: =IF(AC5<=k_nh,INDEX(Eingabe!$E$17:$E$36,MATCH(AD5,$C$3:$C$22,0)),0) | AG5: =IF(AC5<=k_nh,AD5,NA()) | AH5: =IF(AC5<=k_nh,AF5,NA()) | AJ5: 3 | AK5: =IF(AJ5<=k_ng,SMALL($D$3:$D$22,AJ5),0) | AL5: =IF(AJ5<=k_ng,INDEX(Eingabe!$F$17:$F$36,MATCH(AK5,$D$3:$D$22,0)),0) | AM5: =IF(AJ5<k_ng,(AL6-AL5)/(AK6-AK5),0) | AN5: =AO5 | AO5: =IF(AJ5<=k_ng,IF(AJ5=1,AM5,IF(AJ5=k_ng,AM4,IF(AM4*AM5<=0,0,(AM4+AM5)/2))),0) | AP5: =IF(AJ5<k_ng,IF(AM5=0,0,IF((IF(AM5=0,0,AO5/AM5)^2+IF(AM5=0,0,AO6/AM5)^2)>9,3/SQRT((IF(AM5=0,0,AO5/AM5)^2+IF(AM5=0,0,AO6/AM5)^2))*IF(AM5=0,0,AO5/AM5)*AM5,AO5)),0) | AQ5: =IF(AJ5<k_ng,IF(AM5=0,0,IF((IF(AM5=0,0,AO5/AM5)^2+IF(AM5=0,0,AO6/AM5)^2)>9,3/SQRT((IF(AM5=0,0,AO5/AM5)^2+IF(AM5=0,0,AO6/AM5)^2))*IF(AM5=0,0,AO6/AM5)*AM5,AO6)),0) | AR5: =IF(AJ5<=k_ng,AK5,NA()) | AS5: =IF(AJ5<=k_ng,AL5,NA())
A6: 4 | B6: =IF(AND(ISNUMBER(Eingabe!$C$20),ISNUMBER(Eingabe!$D$20)),IF(AND(Eingabe!$C$20>0,Eingabe!$D$20>0),Eingabe!$C$20,""),"") | C6: =IF(AND(ISNUMBER(B6),ISNUMBER(Eingabe!$E$20)),IF(Eingabe!$E$20>0,B6,""),"") | D6: =IF(AND(k_gluOn,ISNUMBER(B6),ISNUMBER(Eingabe!$F$20)),IF(Eingabe!$F$20>0,B6,""),"") | F6: 4 | G6: =IF(F6<=k_n,SMALL($B$3:$B$22,F6),0) | H6: =IF(F6<=k_n,MATCH(G6,$B$3:$B$22,0),0) | I6: =IF(F6<=k_n,INDEX(Eingabe!$D$17:$D$36,H6),0) | J6: =IF(F6<=k_n,IF(ISNUMBER(INDEX(Eingabe!$E$17:$E$36,H6)),INDEX(Eingabe!$E$17:$E$36,H6),""),"") | K6: =IF(F6<=k_n,1,0) | L6: =IF(K6=1,(G6-k_mx)/k_sx,0) | M6: =L6^2 | N6: =L6^3 | O6: =L6^4 | P6: =IF(K6=1,LN(G6),0) | Q6: =IF(K6=1,LN(I6),0) | R6: =IF(K6=1,(k_p2_0+((G6)-k_mx)/k_sx*(k_p2_1+((G6)-k_mx)/k_sx*k_p2_2)),0) | S6: =IF(K6=1,(k_p3_0+((G6)-k_mx)/k_sx*(k_p3_1+((G6)-k_mx)/k_sx*(k_p3_2+((G6)-k_mx)/k_sx*k_p3_3))),0) | T6: =IF(K6=1,(k_p4_0+((G6)-k_mx)/k_sx*(k_p4_1+((G6)-k_mx)/k_sx*(k_p4_2+((G6)-k_mx)/k_sx*(k_p4_3+((G6)-k_mx)/k_sx*k_p4_4)))),0) | U6: =IF(K6=1,(k_ea+k_eb*EXP(k_ec*((G6)-k_mx)/k_sx)),0) | V6: =IF(K6=1,G6,NA()) | W6: =IF(K6=1,I6,NA()) | X6: =IF(K6=1,I6/G6,NA()) | Y6: =IF(AND(F6>=2,F6<=k_n),ROUND(I6-I5,9),0) | Z6: =IF(AND(F6>=2,F6<=k_n-1),IF(AND(Y6>=0.5,Y7>=0.5),1,0),0) | AA6: =IF(K6=1,IF(G6<=k_gk1,k_gy0+(k_gy1-k_gy0)*(G6-k_gx0)/(k_gk1-k_gx0),IF(G6<=k_gk2,k_gy1+(k_gy2-k_gy1)*(G6-k_gk1)/(k_gk2-k_gk1),k_gy2+(k_gy3-k_gy2)*(G6-k_gk2)/(k_gx3-k_gk2))),0) | AC6: 4 | AD6: =IF(AC6<=k_nh,SMALL($C$3:$C$22,AC6),0) | AE6: =AD6^2 | AF6: =IF(AC6<=k_nh,INDEX(Eingabe!$E$17:$E$36,MATCH(AD6,$C$3:$C$22,0)),0) | AG6: =IF(AC6<=k_nh,AD6,NA()) | AH6: =IF(AC6<=k_nh,AF6,NA()) | AJ6: 4 | AK6: =IF(AJ6<=k_ng,SMALL($D$3:$D$22,AJ6),0) | AL6: =IF(AJ6<=k_ng,INDEX(Eingabe!$F$17:$F$36,MATCH(AK6,$D$3:$D$22,0)),0) | AM6: =IF(AJ6<k_ng,(AL7-AL6)/(AK7-AK6),0) | AN6: =AO6 | AO6: =IF(AJ6<=k_ng,IF(AJ6=1,AM6,IF(AJ6=k_ng,AM5,IF(AM5*AM6<=0,0,(AM5+AM6)/2))),0) | AP6: =IF(AJ6<k_ng,IF(AM6=0,0,IF((IF(AM6=0,0,AO6/AM6)^2+IF(AM6=0,0,AO7/AM6)^2)>9,3/SQRT((IF(AM6=0,0,AO6/AM6)^2+IF(AM6=0,0,AO7/AM6)^2))*IF(AM6=0,0,AO6/AM6)*AM6,AO6)),0) | AQ6: =IF(AJ6<k_ng,IF(AM6=0,0,IF((IF(AM6=0,0,AO6/AM6)^2+IF(AM6=0,0,AO7/AM6)^2)>9,3/SQRT((IF(AM6=0,0,AO6/AM6)^2+IF(AM6=0,0,AO7/AM6)^2))*IF(AM6=0,0,AO7/AM6)*AM6,AO7)),0) | AR6: =IF(AJ6<=k_ng,AK6,NA()) | AS6: =IF(AJ6<=k_ng,AL6,NA())
A7: 5 | B7: =IF(AND(ISNUMBER(Eingabe!$C$21),ISNUMBER(Eingabe!$D$21)),IF(AND(Eingabe!$C$21>0,Eingabe!$D$21>0),Eingabe!$C$21,""),"") | C7: =IF(AND(ISNUMBER(B7),ISNUMBER(Eingabe!$E$21)),IF(Eingabe!$E$21>0,B7,""),"") | D7: =IF(AND(k_gluOn,ISNUMBER(B7),ISNUMBER(Eingabe!$F$21)),IF(Eingabe!$F$21>0,B7,""),"") | F7: 5 | G7: =IF(F7<=k_n,SMALL($B$3:$B$22,F7),0) | H7: =IF(F7<=k_n,MATCH(G7,$B$3:$B$22,0),0) | I7: =IF(F7<=k_n,INDEX(Eingabe!$D$17:$D$36,H7),0) | J7: =IF(F7<=k_n,IF(ISNUMBER(INDEX(Eingabe!$E$17:$E$36,H7)),INDEX(Eingabe!$E$17:$E$36,H7),""),"") | K7: =IF(F7<=k_n,1,0) | L7: =IF(K7=1,(G7-k_mx)/k_sx,0) | M7: =L7^2 | N7: =L7^3 | O7: =L7^4 | P7: =IF(K7=1,LN(G7),0) | Q7: =IF(K7=1,LN(I7),0) | R7: =IF(K7=1,(k_p2_0+((G7)-k_mx)/k_sx*(k_p2_1+((G7)-k_mx)/k_sx*k_p2_2)),0) | S7: =IF(K7=1,(k_p3_0+((G7)-k_mx)/k_sx*(k_p3_1+((G7)-k_mx)/k_sx*(k_p3_2+((G7)-k_mx)/k_sx*k_p3_3))),0) | T7: =IF(K7=1,(k_p4_0+((G7)-k_mx)/k_sx*(k_p4_1+((G7)-k_mx)/k_sx*(k_p4_2+((G7)-k_mx)/k_sx*(k_p4_3+((G7)-k_mx)/k_sx*k_p4_4)))),0) | U7: =IF(K7=1,(k_ea+k_eb*EXP(k_ec*((G7)-k_mx)/k_sx)),0) | V7: =IF(K7=1,G7,NA()) | W7: =IF(K7=1,I7,NA()) | X7: =IF(K7=1,I7/G7,NA()) | Y7: =IF(AND(F7>=2,F7<=k_n),ROUND(I7-I6,9),0) | Z7: =IF(AND(F7>=2,F7<=k_n-1),IF(AND(Y7>=0.5,Y8>=0.5),1,0),0) | AA7: =IF(K7=1,IF(G7<=k_gk1,k_gy0+(k_gy1-k_gy0)*(G7-k_gx0)/(k_gk1-k_gx0),IF(G7<=k_gk2,k_gy1+(k_gy2-k_gy1)*(G7-k_gk1)/(k_gk2-k_gk1),k_gy2+(k_gy3-k_gy2)*(G7-k_gk2)/(k_gx3-k_gk2))),0) | AC7: 5 | AD7: =IF(AC7<=k_nh,SMALL($C$3:$C$22,AC7),0) | AE7: =AD7^2 | AF7: =IF(AC7<=k_nh,INDEX(Eingabe!$E$17:$E$36,MATCH(AD7,$C$3:$C$22,0)),0) | AG7: =IF(AC7<=k_nh,AD7,NA()) | AH7: =IF(AC7<=k_nh,AF7,NA()) | AJ7: 5 | AK7: =IF(AJ7<=k_ng,SMALL($D$3:$D$22,AJ7),0) | AL7: =IF(AJ7<=k_ng,INDEX(Eingabe!$F$17:$F$36,MATCH(AK7,$D$3:$D$22,0)),0) | AM7: =IF(AJ7<k_ng,(AL8-AL7)/(AK8-AK7),0) | AN7: =AO7 | AO7: =IF(AJ7<=k_ng,IF(AJ7=1,AM7,IF(AJ7=k_ng,AM6,IF(AM6*AM7<=0,0,(AM6+AM7)/2))),0) | AP7: =IF(AJ7<k_ng,IF(AM7=0,0,IF((IF(AM7=0,0,AO7/AM7)^2+IF(AM7=0,0,AO8/AM7)^2)>9,3/SQRT((IF(AM7=0,0,AO7/AM7)^2+IF(AM7=0,0,AO8/AM7)^2))*IF(AM7=0,0,AO7/AM7)*AM7,AO7)),0) | AQ7: =IF(AJ7<k_ng,IF(AM7=0,0,IF((IF(AM7=0,0,AO7/AM7)^2+IF(AM7=0,0,AO8/AM7)^2)>9,3/SQRT((IF(AM7=0,0,AO7/AM7)^2+IF(AM7=0,0,AO8/AM7)^2))*IF(AM7=0,0,AO8/AM7)*AM7,AO8)),0) | AR7: =IF(AJ7<=k_ng,AK7,NA()) | AS7: =IF(AJ7<=k_ng,AL7,NA())
A8: 6 | B8: =IF(AND(ISNUMBER(Eingabe!$C$22),ISNUMBER(Eingabe!$D$22)),IF(AND(Eingabe!$C$22>0,Eingabe!$D$22>0),Eingabe!$C$22,""),"") | C8: =IF(AND(ISNUMBER(B8),ISNUMBER(Eingabe!$E$22)),IF(Eingabe!$E$22>0,B8,""),"") | D8: =IF(AND(k_gluOn,ISNUMBER(B8),ISNUMBER(Eingabe!$F$22)),IF(Eingabe!$F$22>0,B8,""),"") | F8: 6 | G8: =IF(F8<=k_n,SMALL($B$3:$B$22,F8),0) | H8: =IF(F8<=k_n,MATCH(G8,$B$3:$B$22,0),0) | I8: =IF(F8<=k_n,INDEX(Eingabe!$D$17:$D$36,H8),0) | J8: =IF(F8<=k_n,IF(ISNUMBER(INDEX(Eingabe!$E$17:$E$36,H8)),INDEX(Eingabe!$E$17:$E$36,H8),""),"") | K8: =IF(F8<=k_n,1,0) | L8: =IF(K8=1,(G8-k_mx)/k_sx,0) | M8: =L8^2 | N8: =L8^3 | O8: =L8^4 | P8: =IF(K8=1,LN(G8),0) | Q8: =IF(K8=1,LN(I8),0) | R8: =IF(K8=1,(k_p2_0+((G8)-k_mx)/k_sx*(k_p2_1+((G8)-k_mx)/k_sx*k_p2_2)),0) | S8: =IF(K8=1,(k_p3_0+((G8)-k_mx)/k_sx*(k_p3_1+((G8)-k_mx)/k_sx*(k_p3_2+((G8)-k_mx)/k_sx*k_p3_3))),0) | T8: =IF(K8=1,(k_p4_0+((G8)-k_mx)/k_sx*(k_p4_1+((G8)-k_mx)/k_sx*(k_p4_2+((G8)-k_mx)/k_sx*(k_p4_3+((G8)-k_mx)/k_sx*k_p4_4)))),0) | U8: =IF(K8=1,(k_ea+k_eb*EXP(k_ec*((G8)-k_mx)/k_sx)),0) | V8: =IF(K8=1,G8,NA()) | W8: =IF(K8=1,I8,NA()) | X8: =IF(K8=1,I8/G8,NA()) | Y8: =IF(AND(F8>=2,F8<=k_n),ROUND(I8-I7,9),0) | Z8: =IF(AND(F8>=2,F8<=k_n-1),IF(AND(Y8>=0.5,Y9>=0.5),1,0),0) | AA8: =IF(K8=1,IF(G8<=k_gk1,k_gy0+(k_gy1-k_gy0)*(G8-k_gx0)/(k_gk1-k_gx0),IF(G8<=k_gk2,k_gy1+(k_gy2-k_gy1)*(G8-k_gk1)/(k_gk2-k_gk1),k_gy2+(k_gy3-k_gy2)*(G8-k_gk2)/(k_gx3-k_gk2))),0) | AC8: 6 | AD8: =IF(AC8<=k_nh,SMALL($C$3:$C$22,AC8),0) | AE8: =AD8^2 | AF8: =IF(AC8<=k_nh,INDEX(Eingabe!$E$17:$E$36,MATCH(AD8,$C$3:$C$22,0)),0) | AG8: =IF(AC8<=k_nh,AD8,NA()) | AH8: =IF(AC8<=k_nh,AF8,NA()) | AJ8: 6 | AK8: =IF(AJ8<=k_ng,SMALL($D$3:$D$22,AJ8),0) | AL8: =IF(AJ8<=k_ng,INDEX(Eingabe!$F$17:$F$36,MATCH(AK8,$D$3:$D$22,0)),0) | AM8: =IF(AJ8<k_ng,(AL9-AL8)/(AK9-AK8),0) | AN8: =AO8 | AO8: =IF(AJ8<=k_ng,IF(AJ8=1,AM8,IF(AJ8=k_ng,AM7,IF(AM7*AM8<=0,0,(AM7+AM8)/2))),0) | AP8: =IF(AJ8<k_ng,IF(AM8=0,0,IF((IF(AM8=0,0,AO8/AM8)^2+IF(AM8=0,0,AO9/AM8)^2)>9,3/SQRT((IF(AM8=0,0,AO8/AM8)^2+IF(AM8=0,0,AO9/AM8)^2))*IF(AM8=0,0,AO8/AM8)*AM8,AO8)),0) | AQ8: =IF(AJ8<k_ng,IF(AM8=0,0,IF((IF(AM8=0,0,AO8/AM8)^2+IF(AM8=0,0,AO9/AM8)^2)>9,3/SQRT((IF(AM8=0,0,AO8/AM8)^2+IF(AM8=0,0,AO9/AM8)^2))*IF(AM8=0,0,AO9/AM8)*AM8,AO9)),0) | AR8: =IF(AJ8<=k_ng,AK8,NA()) | AS8: =IF(AJ8<=k_ng,AL8,NA())
A9: 7 | B9: =IF(AND(ISNUMBER(Eingabe!$C$23),ISNUMBER(Eingabe!$D$23)),IF(AND(Eingabe!$C$23>0,Eingabe!$D$23>0),Eingabe!$C$23,""),"") | C9: =IF(AND(ISNUMBER(B9),ISNUMBER(Eingabe!$E$23)),IF(Eingabe!$E$23>0,B9,""),"") | D9: =IF(AND(k_gluOn,ISNUMBER(B9),ISNUMBER(Eingabe!$F$23)),IF(Eingabe!$F$23>0,B9,""),"") | F9: 7 | G9: =IF(F9<=k_n,SMALL($B$3:$B$22,F9),0) | H9: =IF(F9<=k_n,MATCH(G9,$B$3:$B$22,0),0) | I9: =IF(F9<=k_n,INDEX(Eingabe!$D$17:$D$36,H9),0) | J9: =IF(F9<=k_n,IF(ISNUMBER(INDEX(Eingabe!$E$17:$E$36,H9)),INDEX(Eingabe!$E$17:$E$36,H9),""),"") | K9: =IF(F9<=k_n,1,0) | L9: =IF(K9=1,(G9-k_mx)/k_sx,0) | M9: =L9^2 | N9: =L9^3 | O9: =L9^4 | P9: =IF(K9=1,LN(G9),0) | Q9: =IF(K9=1,LN(I9),0) | R9: =IF(K9=1,(k_p2_0+((G9)-k_mx)/k_sx*(k_p2_1+((G9)-k_mx)/k_sx*k_p2_2)),0) | S9: =IF(K9=1,(k_p3_0+((G9)-k_mx)/k_sx*(k_p3_1+((G9)-k_mx)/k_sx*(k_p3_2+((G9)-k_mx)/k_sx*k_p3_3))),0) | T9: =IF(K9=1,(k_p4_0+((G9)-k_mx)/k_sx*(k_p4_1+((G9)-k_mx)/k_sx*(k_p4_2+((G9)-k_mx)/k_sx*(k_p4_3+((G9)-k_mx)/k_sx*k_p4_4)))),0) | U9: =IF(K9=1,(k_ea+k_eb*EXP(k_ec*((G9)-k_mx)/k_sx)),0) | V9: =IF(K9=1,G9,NA()) | W9: =IF(K9=1,I9,NA()) | X9: =IF(K9=1,I9/G9,NA()) | Y9: =IF(AND(F9>=2,F9<=k_n),ROUND(I9-I8,9),0) | Z9: =IF(AND(F9>=2,F9<=k_n-1),IF(AND(Y9>=0.5,Y10>=0.5),1,0),0) | AA9: =IF(K9=1,IF(G9<=k_gk1,k_gy0+(k_gy1-k_gy0)*(G9-k_gx0)/(k_gk1-k_gx0),IF(G9<=k_gk2,k_gy1+(k_gy2-k_gy1)*(G9-k_gk1)/(k_gk2-k_gk1),k_gy2+(k_gy3-k_gy2)*(G9-k_gk2)/(k_gx3-k_gk2))),0) | AC9: 7 | AD9: =IF(AC9<=k_nh,SMALL($C$3:$C$22,AC9),0) | AE9: =AD9^2 | AF9: =IF(AC9<=k_nh,INDEX(Eingabe!$E$17:$E$36,MATCH(AD9,$C$3:$C$22,0)),0) | AG9: =IF(AC9<=k_nh,AD9,NA()) | AH9: =IF(AC9<=k_nh,AF9,NA()) | AJ9: 7 | AK9: =IF(AJ9<=k_ng,SMALL($D$3:$D$22,AJ9),0) | AL9: =IF(AJ9<=k_ng,INDEX(Eingabe!$F$17:$F$36,MATCH(AK9,$D$3:$D$22,0)),0) | AM9: =IF(AJ9<k_ng,(AL10-AL9)/(AK10-AK9),0) | AN9: =AO9 | AO9: =IF(AJ9<=k_ng,IF(AJ9=1,AM9,IF(AJ9=k_ng,AM8,IF(AM8*AM9<=0,0,(AM8+AM9)/2))),0) | AP9: =IF(AJ9<k_ng,IF(AM9=0,0,IF((IF(AM9=0,0,AO9/AM9)^2+IF(AM9=0,0,AO10/AM9)^2)>9,3/SQRT((IF(AM9=0,0,AO9/AM9)^2+IF(AM9=0,0,AO10/AM9)^2))*IF(AM9=0,0,AO9/AM9)*AM9,AO9)),0) | AQ9: =IF(AJ9<k_ng,IF(AM9=0,0,IF((IF(AM9=0,0,AO9/AM9)^2+IF(AM9=0,0,AO10/AM9)^2)>9,3/SQRT((IF(AM9=0,0,AO9/AM9)^2+IF(AM9=0,0,AO10/AM9)^2))*IF(AM9=0,0,AO10/AM9)*AM9,AO10)),0) | AR9: =IF(AJ9<=k_ng,AK9,NA()) | AS9: =IF(AJ9<=k_ng,AL9,NA())
A10: 8 | B10: =IF(AND(ISNUMBER(Eingabe!$C$24),ISNUMBER(Eingabe!$D$24)),IF(AND(Eingabe!$C$24>0,Eingabe!$D$24>0),Eingabe!$C$24,""),"") | C10: =IF(AND(ISNUMBER(B10),ISNUMBER(Eingabe!$E$24)),IF(Eingabe!$E$24>0,B10,""),"") | D10: =IF(AND(k_gluOn,ISNUMBER(B10),ISNUMBER(Eingabe!$F$24)),IF(Eingabe!$F$24>0,B10,""),"") | F10: 8 | G10: =IF(F10<=k_n,SMALL($B$3:$B$22,F10),0) | H10: =IF(F10<=k_n,MATCH(G10,$B$3:$B$22,0),0) | I10: =IF(F10<=k_n,INDEX(Eingabe!$D$17:$D$36,H10),0) | J10: =IF(F10<=k_n,IF(ISNUMBER(INDEX(Eingabe!$E$17:$E$36,H10)),INDEX(Eingabe!$E$17:$E$36,H10),""),"") | K10: =IF(F10<=k_n,1,0) | L10: =IF(K10=1,(G10-k_mx)/k_sx,0) | M10: =L10^2 | N10: =L10^3 | O10: =L10^4 | P10: =IF(K10=1,LN(G10),0) | Q10: =IF(K10=1,LN(I10),0) | R10: =IF(K10=1,(k_p2_0+((G10)-k_mx)/k_sx*(k_p2_1+((G10)-k_mx)/k_sx*k_p2_2)),0) | S10: =IF(K10=1,(k_p3_0+((G10)-k_mx)/k_sx*(k_p3_1+((G10)-k_mx)/k_sx*(k_p3_2+((G10)-k_mx)/k_sx*k_p3_3))),0) | T10: =IF(K10=1,(k_p4_0+((G10)-k_mx)/k_sx*(k_p4_1+((G10)-k_mx)/k_sx*(k_p4_2+((G10)-k_mx)/k_sx*(k_p4_3+((G10)-k_mx)/k_sx*k_p4_4)))),0) | U10: =IF(K10=1,(k_ea+k_eb*EXP(k_ec*((G10)-k_mx)/k_sx)),0) | V10: =IF(K10=1,G10,NA()) | W10: =IF(K10=1,I10,NA()) | X10: =IF(K10=1,I10/G10,NA()) | Y10: =IF(AND(F10>=2,F10<=k_n),ROUND(I10-I9,9),0) | Z10: =IF(AND(F10>=2,F10<=k_n-1),IF(AND(Y10>=0.5,Y11>=0.5),1,0),0) | AA10: =IF(K10=1,IF(G10<=k_gk1,k_gy0+(k_gy1-k_gy0)*(G10-k_gx0)/(k_gk1-k_gx0),IF(G10<=k_gk2,k_gy1+(k_gy2-k_gy1)*(G10-k_gk1)/(k_gk2-k_gk1),k_gy2+(k_gy3-k_gy2)*(G10-k_gk2)/(k_gx3-k_gk2))),0) | AC10: 8 | AD10: =IF(AC10<=k_nh,SMALL($C$3:$C$22,AC10),0) | AE10: =AD10^2 | AF10: =IF(AC10<=k_nh,INDEX(Eingabe!$E$17:$E$36,MATCH(AD10,$C$3:$C$22,0)),0) | AG10: =IF(AC10<=k_nh,AD10,NA()) | AH10: =IF(AC10<=k_nh,AF10,NA()) | AJ10: 8 | AK10: =IF(AJ10<=k_ng,SMALL($D$3:$D$22,AJ10),0) | AL10: =IF(AJ10<=k_ng,INDEX(Eingabe!$F$17:$F$36,MATCH(AK10,$D$3:$D$22,0)),0) | AM10: =IF(AJ10<k_ng,(AL11-AL10)/(AK11-AK10),0) | AN10: =AO10 | AO10: =IF(AJ10<=k_ng,IF(AJ10=1,AM10,IF(AJ10=k_ng,AM9,IF(AM9*AM10<=0,0,(AM9+AM10)/2))),0) | AP10: =IF(AJ10<k_ng,IF(AM10=0,0,IF((IF(AM10=0,0,AO10/AM10)^2+IF(AM10=0,0,AO11/AM10)^2)>9,3/SQRT((IF(AM10=0,0,AO10/AM10)^2+IF(AM10=0,0,AO11/AM10)^2))*IF(AM10=0,0,AO10/AM10)*AM10,AO10)),0) | AQ10: =IF(AJ10<k_ng,IF(AM10=0,0,IF((IF(AM10=0,0,AO10/AM10)^2+IF(AM10=0,0,AO11/AM10)^2)>9,3/SQRT((IF(AM10=0,0,AO10/AM10)^2+IF(AM10=0,0,AO11/AM10)^2))*IF(AM10=0,0,AO11/AM10)*AM10,AO11)),0) | AR10: =IF(AJ10<=k_ng,AK10,NA()) | AS10: =IF(AJ10<=k_ng,AL10,NA())
A11: 9 | B11: =IF(AND(ISNUMBER(Eingabe!$C$25),ISNUMBER(Eingabe!$D$25)),IF(AND(Eingabe!$C$25>0,Eingabe!$D$25>0),Eingabe!$C$25,""),"") | C11: =IF(AND(ISNUMBER(B11),ISNUMBER(Eingabe!$E$25)),IF(Eingabe!$E$25>0,B11,""),"") | D11: =IF(AND(k_gluOn,ISNUMBER(B11),ISNUMBER(Eingabe!$F$25)),IF(Eingabe!$F$25>0,B11,""),"") | F11: 9 | G11: =IF(F11<=k_n,SMALL($B$3:$B$22,F11),0) | H11: =IF(F11<=k_n,MATCH(G11,$B$3:$B$22,0),0) | I11: =IF(F11<=k_n,INDEX(Eingabe!$D$17:$D$36,H11),0) | J11: =IF(F11<=k_n,IF(ISNUMBER(INDEX(Eingabe!$E$17:$E$36,H11)),INDEX(Eingabe!$E$17:$E$36,H11),""),"") | K11: =IF(F11<=k_n,1,0) | L11: =IF(K11=1,(G11-k_mx)/k_sx,0) | M11: =L11^2 | N11: =L11^3 | O11: =L11^4 | P11: =IF(K11=1,LN(G11),0) | Q11: =IF(K11=1,LN(I11),0) | R11: =IF(K11=1,(k_p2_0+((G11)-k_mx)/k_sx*(k_p2_1+((G11)-k_mx)/k_sx*k_p2_2)),0) | S11: =IF(K11=1,(k_p3_0+((G11)-k_mx)/k_sx*(k_p3_1+((G11)-k_mx)/k_sx*(k_p3_2+((G11)-k_mx)/k_sx*k_p3_3))),0) | T11: =IF(K11=1,(k_p4_0+((G11)-k_mx)/k_sx*(k_p4_1+((G11)-k_mx)/k_sx*(k_p4_2+((G11)-k_mx)/k_sx*(k_p4_3+((G11)-k_mx)/k_sx*k_p4_4)))),0) | U11: =IF(K11=1,(k_ea+k_eb*EXP(k_ec*((G11)-k_mx)/k_sx)),0) | V11: =IF(K11=1,G11,NA()) | W11: =IF(K11=1,I11,NA()) | X11: =IF(K11=1,I11/G11,NA()) | Y11: =IF(AND(F11>=2,F11<=k_n),ROUND(I11-I10,9),0) | Z11: =IF(AND(F11>=2,F11<=k_n-1),IF(AND(Y11>=0.5,Y12>=0.5),1,0),0) | AA11: =IF(K11=1,IF(G11<=k_gk1,k_gy0+(k_gy1-k_gy0)*(G11-k_gx0)/(k_gk1-k_gx0),IF(G11<=k_gk2,k_gy1+(k_gy2-k_gy1)*(G11-k_gk1)/(k_gk2-k_gk1),k_gy2+(k_gy3-k_gy2)*(G11-k_gk2)/(k_gx3-k_gk2))),0) | AC11: 9 | AD11: =IF(AC11<=k_nh,SMALL($C$3:$C$22,AC11),0) | AE11: =AD11^2 | AF11: =IF(AC11<=k_nh,INDEX(Eingabe!$E$17:$E$36,MATCH(AD11,$C$3:$C$22,0)),0) | AG11: =IF(AC11<=k_nh,AD11,NA()) | AH11: =IF(AC11<=k_nh,AF11,NA()) | AJ11: 9 | AK11: =IF(AJ11<=k_ng,SMALL($D$3:$D$22,AJ11),0) | AL11: =IF(AJ11<=k_ng,INDEX(Eingabe!$F$17:$F$36,MATCH(AK11,$D$3:$D$22,0)),0) | AM11: =IF(AJ11<k_ng,(AL12-AL11)/(AK12-AK11),0) | AN11: =AO11 | AO11: =IF(AJ11<=k_ng,IF(AJ11=1,AM11,IF(AJ11=k_ng,AM10,IF(AM10*AM11<=0,0,(AM10+AM11)/2))),0) | AP11: =IF(AJ11<k_ng,IF(AM11=0,0,IF((IF(AM11=0,0,AO11/AM11)^2+IF(AM11=0,0,AO12/AM11)^2)>9,3/SQRT((IF(AM11=0,0,AO11/AM11)^2+IF(AM11=0,0,AO12/AM11)^2))*IF(AM11=0,0,AO11/AM11)*AM11,AO11)),0) | AQ11: =IF(AJ11<k_ng,IF(AM11=0,0,IF((IF(AM11=0,0,AO11/AM11)^2+IF(AM11=0,0,AO12/AM11)^2)>9,3/SQRT((IF(AM11=0,0,AO11/AM11)^2+IF(AM11=0,0,AO12/AM11)^2))*IF(AM11=0,0,AO12/AM11)*AM11,AO12)),0) | AR11: =IF(AJ11<=k_ng,AK11,NA()) | AS11: =IF(AJ11<=k_ng,AL11,NA())
A12: 10 | B12: =IF(AND(ISNUMBER(Eingabe!$C$26),ISNUMBER(Eingabe!$D$26)),IF(AND(Eingabe!$C$26>0,Eingabe!$D$26>0),Eingabe!$C$26,""),"") | C12: =IF(AND(ISNUMBER(B12),ISNUMBER(Eingabe!$E$26)),IF(Eingabe!$E$26>0,B12,""),"") | D12: =IF(AND(k_gluOn,ISNUMBER(B12),ISNUMBER(Eingabe!$F$26)),IF(Eingabe!$F$26>0,B12,""),"") | F12: 10 | G12: =IF(F12<=k_n,SMALL($B$3:$B$22,F12),0) | H12: =IF(F12<=k_n,MATCH(G12,$B$3:$B$22,0),0) | I12: =IF(F12<=k_n,INDEX(Eingabe!$D$17:$D$36,H12),0) | J12: =IF(F12<=k_n,IF(ISNUMBER(INDEX(Eingabe!$E$17:$E$36,H12)),INDEX(Eingabe!$E$17:$E$36,H12),""),"") | K12: =IF(F12<=k_n,1,0) | L12: =IF(K12=1,(G12-k_mx)/k_sx,0) | M12: =L12^2 | N12: =L12^3 | O12: =L12^4 | P12: =IF(K12=1,LN(G12),0) | Q12: =IF(K12=1,LN(I12),0) | R12: =IF(K12=1,(k_p2_0+((G12)-k_mx)/k_sx*(k_p2_1+((G12)-k_mx)/k_sx*k_p2_2)),0) | S12: =IF(K12=1,(k_p3_0+((G12)-k_mx)/k_sx*(k_p3_1+((G12)-k_mx)/k_sx*(k_p3_2+((G12)-k_mx)/k_sx*k_p3_3))),0) | T12: =IF(K12=1,(k_p4_0+((G12)-k_mx)/k_sx*(k_p4_1+((G12)-k_mx)/k_sx*(k_p4_2+((G12)-k_mx)/k_sx*(k_p4_3+((G12)-k_mx)/k_sx*k_p4_4)))),0) | U12: =IF(K12=1,(k_ea+k_eb*EXP(k_ec*((G12)-k_mx)/k_sx)),0) | V12: =IF(K12=1,G12,NA()) | W12: =IF(K12=1,I12,NA()) | X12: =IF(K12=1,I12/G12,NA()) | Y12: =IF(AND(F12>=2,F12<=k_n),ROUND(I12-I11,9),0) | Z12: =IF(AND(F12>=2,F12<=k_n-1),IF(AND(Y12>=0.5,Y13>=0.5),1,0),0) | AA12: =IF(K12=1,IF(G12<=k_gk1,k_gy0+(k_gy1-k_gy0)*(G12-k_gx0)/(k_gk1-k_gx0),IF(G12<=k_gk2,k_gy1+(k_gy2-k_gy1)*(G12-k_gk1)/(k_gk2-k_gk1),k_gy2+(k_gy3-k_gy2)*(G12-k_gk2)/(k_gx3-k_gk2))),0) | AC12: 10 | AD12: =IF(AC12<=k_nh,SMALL($C$3:$C$22,AC12),0) | AE12: =AD12^2 | AF12: =IF(AC12<=k_nh,INDEX(Eingabe!$E$17:$E$36,MATCH(AD12,$C$3:$C$22,0)),0) | AG12: =IF(AC12<=k_nh,AD12,NA()) | AH12: =IF(AC12<=k_nh,AF12,NA()) | AJ12: 10 | AK12: =IF(AJ12<=k_ng,SMALL($D$3:$D$22,AJ12),0) | AL12: =IF(AJ12<=k_ng,INDEX(Eingabe!$F$17:$F$36,MATCH(AK12,$D$3:$D$22,0)),0) | AM12: =IF(AJ12<k_ng,(AL13-AL12)/(AK13-AK12),0) | AN12: =AO12 | AO12: =IF(AJ12<=k_ng,IF(AJ12=1,AM12,IF(AJ12=k_ng,AM11,IF(AM11*AM12<=0,0,(AM11+AM12)/2))),0) | AP12: =IF(AJ12<k_ng,IF(AM12=0,0,IF((IF(AM12=0,0,AO12/AM12)^2+IF(AM12=0,0,AO13/AM12)^2)>9,3/SQRT((IF(AM12=0,0,AO12/AM12)^2+IF(AM12=0,0,AO13/AM12)^2))*IF(AM12=0,0,AO12/AM12)*AM12,AO12)),0) | AQ12: =IF(AJ12<k_ng,IF(AM12=0,0,IF((IF(AM12=0,0,AO12/AM12)^2+IF(AM12=0,0,AO13/AM12)^2)>9,3/SQRT((IF(AM12=0,0,AO12/AM12)^2+IF(AM12=0,0,AO13/AM12)^2))*IF(AM12=0,0,AO13/AM12)*AM12,AO13)),0) | AR12: =IF(AJ12<=k_ng,AK12,NA()) | AS12: =IF(AJ12<=k_ng,AL12,NA())
A13: 11 | B13: =IF(AND(ISNUMBER(Eingabe!$C$27),ISNUMBER(Eingabe!$D$27)),IF(AND(Eingabe!$C$27>0,Eingabe!$D$27>0),Eingabe!$C$27,""),"") | C13: =IF(AND(ISNUMBER(B13),ISNUMBER(Eingabe!$E$27)),IF(Eingabe!$E$27>0,B13,""),"") | D13: =IF(AND(k_gluOn,ISNUMBER(B13),ISNUMBER(Eingabe!$F$27)),IF(Eingabe!$F$27>0,B13,""),"") | F13: 11 | G13: =IF(F13<=k_n,SMALL($B$3:$B$22,F13),0) | H13: =IF(F13<=k_n,MATCH(G13,$B$3:$B$22,0),0) | I13: =IF(F13<=k_n,INDEX(Eingabe!$D$17:$D$36,H13),0) | J13: =IF(F13<=k_n,IF(ISNUMBER(INDEX(Eingabe!$E$17:$E$36,H13)),INDEX(Eingabe!$E$17:$E$36,H13),""),"") | K13: =IF(F13<=k_n,1,0) | L13: =IF(K13=1,(G13-k_mx)/k_sx,0) | M13: =L13^2 | N13: =L13^3 | O13: =L13^4 | P13: =IF(K13=1,LN(G13),0) | Q13: =IF(K13=1,LN(I13),0) | R13: =IF(K13=1,(k_p2_0+((G13)-k_mx)/k_sx*(k_p2_1+((G13)-k_mx)/k_sx*k_p2_2)),0) | S13: =IF(K13=1,(k_p3_0+((G13)-k_mx)/k_sx*(k_p3_1+((G13)-k_mx)/k_sx*(k_p3_2+((G13)-k_mx)/k_sx*k_p3_3))),0) | T13: =IF(K13=1,(k_p4_0+((G13)-k_mx)/k_sx*(k_p4_1+((G13)-k_mx)/k_sx*(k_p4_2+((G13)-k_mx)/k_sx*(k_p4_3+((G13)-k_mx)/k_sx*k_p4_4)))),0) | U13: =IF(K13=1,(k_ea+k_eb*EXP(k_ec*((G13)-k_mx)/k_sx)),0) | V13: =IF(K13=1,G13,NA()) | W13: =IF(K13=1,I13,NA()) | X13: =IF(K13=1,I13/G13,NA()) | Y13: =IF(AND(F13>=2,F13<=k_n),ROUND(I13-I12,9),0) | Z13: =IF(AND(F13>=2,F13<=k_n-1),IF(AND(Y13>=0.5,Y14>=0.5),1,0),0) | AA13: =IF(K13=1,IF(G13<=k_gk1,k_gy0+(k_gy1-k_gy0)*(G13-k_gx0)/(k_gk1-k_gx0),IF(G13<=k_gk2,k_gy1+(k_gy2-k_gy1)*(G13-k_gk1)/(k_gk2-k_gk1),k_gy2+(k_gy3-k_gy2)*(G13-k_gk2)/(k_gx3-k_gk2))),0) | AC13: 11 | AD13: =IF(AC13<=k_nh,SMALL($C$3:$C$22,AC13),0) | AE13: =AD13^2 | AF13: =IF(AC13<=k_nh,INDEX(Eingabe!$E$17:$E$36,MATCH(AD13,$C$3:$C$22,0)),0) | AG13: =IF(AC13<=k_nh,AD13,NA()) | AH13: =IF(AC13<=k_nh,AF13,NA()) | AJ13: 11 | AK13: =IF(AJ13<=k_ng,SMALL($D$3:$D$22,AJ13),0) | AL13: =IF(AJ13<=k_ng,INDEX(Eingabe!$F$17:$F$36,MATCH(AK13,$D$3:$D$22,0)),0) | AM13: =IF(AJ13<k_ng,(AL14-AL13)/(AK14-AK13),0) | AN13: =AO13 | AO13: =IF(AJ13<=k_ng,IF(AJ13=1,AM13,IF(AJ13=k_ng,AM12,IF(AM12*AM13<=0,0,(AM12+AM13)/2))),0) | AP13: =IF(AJ13<k_ng,IF(AM13=0,0,IF((IF(AM13=0,0,AO13/AM13)^2+IF(AM13=0,0,AO14/AM13)^2)>9,3/SQRT((IF(AM13=0,0,AO13/AM13)^2+IF(AM13=0,0,AO14/AM13)^2))*IF(AM13=0,0,AO13/AM13)*AM13,AO13)),0) | AQ13: =IF(AJ13<k_ng,IF(AM13=0,0,IF((IF(AM13=0,0,AO13/AM13)^2+IF(AM13=0,0,AO14/AM13)^2)>9,3/SQRT((IF(AM13=0,0,AO13/AM13)^2+IF(AM13=0,0,AO14/AM13)^2))*IF(AM13=0,0,AO14/AM13)*AM13,AO14)),0) | AR13: =IF(AJ13<=k_ng,AK13,NA()) | AS13: =IF(AJ13<=k_ng,AL13,NA())
A14: 12 | B14: =IF(AND(ISNUMBER(Eingabe!$C$28),ISNUMBER(Eingabe!$D$28)),IF(AND(Eingabe!$C$28>0,Eingabe!$D$28>0),Eingabe!$C$28,""),"") | C14: =IF(AND(ISNUMBER(B14),ISNUMBER(Eingabe!$E$28)),IF(Eingabe!$E$28>0,B14,""),"") | D14: =IF(AND(k_gluOn,ISNUMBER(B14),ISNUMBER(Eingabe!$F$28)),IF(Eingabe!$F$28>0,B14,""),"") | F14: 12 | G14: =IF(F14<=k_n,SMALL($B$3:$B$22,F14),0) | H14: =IF(F14<=k_n,MATCH(G14,$B$3:$B$22,0),0) | I14: =IF(F14<=k_n,INDEX(Eingabe!$D$17:$D$36,H14),0) | J14: =IF(F14<=k_n,IF(ISNUMBER(INDEX(Eingabe!$E$17:$E$36,H14)),INDEX(Eingabe!$E$17:$E$36,H14),""),"") | K14: =IF(F14<=k_n,1,0) | L14: =IF(K14=1,(G14-k_mx)/k_sx,0) | M14: =L14^2 | N14: =L14^3 | O14: =L14^4 | P14: =IF(K14=1,LN(G14),0) | Q14: =IF(K14=1,LN(I14),0) | R14: =IF(K14=1,(k_p2_0+((G14)-k_mx)/k_sx*(k_p2_1+((G14)-k_mx)/k_sx*k_p2_2)),0) | S14: =IF(K14=1,(k_p3_0+((G14)-k_mx)/k_sx*(k_p3_1+((G14)-k_mx)/k_sx*(k_p3_2+((G14)-k_mx)/k_sx*k_p3_3))),0) | T14: =IF(K14=1,(k_p4_0+((G14)-k_mx)/k_sx*(k_p4_1+((G14)-k_mx)/k_sx*(k_p4_2+((G14)-k_mx)/k_sx*(k_p4_3+((G14)-k_mx)/k_sx*k_p4_4)))),0) | U14: =IF(K14=1,(k_ea+k_eb*EXP(k_ec*((G14)-k_mx)/k_sx)),0) | V14: =IF(K14=1,G14,NA()) | W14: =IF(K14=1,I14,NA()) | X14: =IF(K14=1,I14/G14,NA()) | Y14: =IF(AND(F14>=2,F14<=k_n),ROUND(I14-I13,9),0) | Z14: =IF(AND(F14>=2,F14<=k_n-1),IF(AND(Y14>=0.5,Y15>=0.5),1,0),0) | AA14: =IF(K14=1,IF(G14<=k_gk1,k_gy0+(k_gy1-k_gy0)*(G14-k_gx0)/(k_gk1-k_gx0),IF(G14<=k_gk2,k_gy1+(k_gy2-k_gy1)*(G14-k_gk1)/(k_gk2-k_gk1),k_gy2+(k_gy3-k_gy2)*(G14-k_gk2)/(k_gx3-k_gk2))),0) | AC14: 12 | AD14: =IF(AC14<=k_nh,SMALL($C$3:$C$22,AC14),0) | AE14: =AD14^2 | AF14: =IF(AC14<=k_nh,INDEX(Eingabe!$E$17:$E$36,MATCH(AD14,$C$3:$C$22,0)),0) | AG14: =IF(AC14<=k_nh,AD14,NA()) | AH14: =IF(AC14<=k_nh,AF14,NA()) | AJ14: 12 | AK14: =IF(AJ14<=k_ng,SMALL($D$3:$D$22,AJ14),0) | AL14: =IF(AJ14<=k_ng,INDEX(Eingabe!$F$17:$F$36,MATCH(AK14,$D$3:$D$22,0)),0) | AM14: =IF(AJ14<k_ng,(AL15-AL14)/(AK15-AK14),0) | AN14: =AO14 | AO14: =IF(AJ14<=k_ng,IF(AJ14=1,AM14,IF(AJ14=k_ng,AM13,IF(AM13*AM14<=0,0,(AM13+AM14)/2))),0) | AP14: =IF(AJ14<k_ng,IF(AM14=0,0,IF((IF(AM14=0,0,AO14/AM14)^2+IF(AM14=0,0,AO15/AM14)^2)>9,3/SQRT((IF(AM14=0,0,AO14/AM14)^2+IF(AM14=0,0,AO15/AM14)^2))*IF(AM14=0,0,AO14/AM14)*AM14,AO14)),0) | AQ14: =IF(AJ14<k_ng,IF(AM14=0,0,IF((IF(AM14=0,0,AO14/AM14)^2+IF(AM14=0,0,AO15/AM14)^2)>9,3/SQRT((IF(AM14=0,0,AO14/AM14)^2+IF(AM14=0,0,AO15/AM14)^2))*IF(AM14=0,0,AO15/AM14)*AM14,AO15)),0) | AR14: =IF(AJ14<=k_ng,AK14,NA()) | AS14: =IF(AJ14<=k_ng,AL14,NA())
A15: 13 | B15: =IF(AND(ISNUMBER(Eingabe!$C$29),ISNUMBER(Eingabe!$D$29)),IF(AND(Eingabe!$C$29>0,Eingabe!$D$29>0),Eingabe!$C$29,""),"") | C15: =IF(AND(ISNUMBER(B15),ISNUMBER(Eingabe!$E$29)),IF(Eingabe!$E$29>0,B15,""),"") | D15: =IF(AND(k_gluOn,ISNUMBER(B15),ISNUMBER(Eingabe!$F$29)),IF(Eingabe!$F$29>0,B15,""),"") | F15: 13 | G15: =IF(F15<=k_n,SMALL($B$3:$B$22,F15),0) | H15: =IF(F15<=k_n,MATCH(G15,$B$3:$B$22,0),0) | I15: =IF(F15<=k_n,INDEX(Eingabe!$D$17:$D$36,H15),0) | J15: =IF(F15<=k_n,IF(ISNUMBER(INDEX(Eingabe!$E$17:$E$36,H15)),INDEX(Eingabe!$E$17:$E$36,H15),""),"") | K15: =IF(F15<=k_n,1,0) | L15: =IF(K15=1,(G15-k_mx)/k_sx,0) | M15: =L15^2 | N15: =L15^3 | O15: =L15^4 | P15: =IF(K15=1,LN(G15),0) | Q15: =IF(K15=1,LN(I15),0) | R15: =IF(K15=1,(k_p2_0+((G15)-k_mx)/k_sx*(k_p2_1+((G15)-k_mx)/k_sx*k_p2_2)),0) | S15: =IF(K15=1,(k_p3_0+((G15)-k_mx)/k_sx*(k_p3_1+((G15)-k_mx)/k_sx*(k_p3_2+((G15)-k_mx)/k_sx*k_p3_3))),0) | T15: =IF(K15=1,(k_p4_0+((G15)-k_mx)/k_sx*(k_p4_1+((G15)-k_mx)/k_sx*(k_p4_2+((G15)-k_mx)/k_sx*(k_p4_3+((G15)-k_mx)/k_sx*k_p4_4)))),0) | U15: =IF(K15=1,(k_ea+k_eb*EXP(k_ec*((G15)-k_mx)/k_sx)),0) | V15: =IF(K15=1,G15,NA()) | W15: =IF(K15=1,I15,NA()) | X15: =IF(K15=1,I15/G15,NA()) | Y15: =IF(AND(F15>=2,F15<=k_n),ROUND(I15-I14,9),0) | Z15: =IF(AND(F15>=2,F15<=k_n-1),IF(AND(Y15>=0.5,Y16>=0.5),1,0),0) | AA15: =IF(K15=1,IF(G15<=k_gk1,k_gy0+(k_gy1-k_gy0)*(G15-k_gx0)/(k_gk1-k_gx0),IF(G15<=k_gk2,k_gy1+(k_gy2-k_gy1)*(G15-k_gk1)/(k_gk2-k_gk1),k_gy2+(k_gy3-k_gy2)*(G15-k_gk2)/(k_gx3-k_gk2))),0) | AC15: 13 | AD15: =IF(AC15<=k_nh,SMALL($C$3:$C$22,AC15),0) | AE15: =AD15^2 | AF15: =IF(AC15<=k_nh,INDEX(Eingabe!$E$17:$E$36,MATCH(AD15,$C$3:$C$22,0)),0) | AG15: =IF(AC15<=k_nh,AD15,NA()) | AH15: =IF(AC15<=k_nh,AF15,NA()) | AJ15: 13 | AK15: =IF(AJ15<=k_ng,SMALL($D$3:$D$22,AJ15),0) | AL15: =IF(AJ15<=k_ng,INDEX(Eingabe!$F$17:$F$36,MATCH(AK15,$D$3:$D$22,0)),0) | AM15: =IF(AJ15<k_ng,(AL16-AL15)/(AK16-AK15),0) | AN15: =AO15 | AO15: =IF(AJ15<=k_ng,IF(AJ15=1,AM15,IF(AJ15=k_ng,AM14,IF(AM14*AM15<=0,0,(AM14+AM15)/2))),0) | AP15: =IF(AJ15<k_ng,IF(AM15=0,0,IF((IF(AM15=0,0,AO15/AM15)^2+IF(AM15=0,0,AO16/AM15)^2)>9,3/SQRT((IF(AM15=0,0,AO15/AM15)^2+IF(AM15=0,0,AO16/AM15)^2))*IF(AM15=0,0,AO15/AM15)*AM15,AO15)),0) | AQ15: =IF(AJ15<k_ng,IF(AM15=0,0,IF((IF(AM15=0,0,AO15/AM15)^2+IF(AM15=0,0,AO16/AM15)^2)>9,3/SQRT((IF(AM15=0,0,AO15/AM15)^2+IF(AM15=0,0,AO16/AM15)^2))*IF(AM15=0,0,AO16/AM15)*AM15,AO16)),0) | AR15: =IF(AJ15<=k_ng,AK15,NA()) | AS15: =IF(AJ15<=k_ng,AL15,NA())
A16: 14 | B16: =IF(AND(ISNUMBER(Eingabe!$C$30),ISNUMBER(Eingabe!$D$30)),IF(AND(Eingabe!$C$30>0,Eingabe!$D$30>0),Eingabe!$C$30,""),"") | C16: =IF(AND(ISNUMBER(B16),ISNUMBER(Eingabe!$E$30)),IF(Eingabe!$E$30>0,B16,""),"") | D16: =IF(AND(k_gluOn,ISNUMBER(B16),ISNUMBER(Eingabe!$F$30)),IF(Eingabe!$F$30>0,B16,""),"") | F16: 14 | G16: =IF(F16<=k_n,SMALL($B$3:$B$22,F16),0) | H16: =IF(F16<=k_n,MATCH(G16,$B$3:$B$22,0),0) | I16: =IF(F16<=k_n,INDEX(Eingabe!$D$17:$D$36,H16),0) | J16: =IF(F16<=k_n,IF(ISNUMBER(INDEX(Eingabe!$E$17:$E$36,H16)),INDEX(Eingabe!$E$17:$E$36,H16),""),"") | K16: =IF(F16<=k_n,1,0) | L16: =IF(K16=1,(G16-k_mx)/k_sx,0) | M16: =L16^2 | N16: =L16^3 | O16: =L16^4 | P16: =IF(K16=1,LN(G16),0) | Q16: =IF(K16=1,LN(I16),0) | R16: =IF(K16=1,(k_p2_0+((G16)-k_mx)/k_sx*(k_p2_1+((G16)-k_mx)/k_sx*k_p2_2)),0) | S16: =IF(K16=1,(k_p3_0+((G16)-k_mx)/k_sx*(k_p3_1+((G16)-k_mx)/k_sx*(k_p3_2+((G16)-k_mx)/k_sx*k_p3_3))),0) | T16: =IF(K16=1,(k_p4_0+((G16)-k_mx)/k_sx*(k_p4_1+((G16)-k_mx)/k_sx*(k_p4_2+((G16)-k_mx)/k_sx*(k_p4_3+((G16)-k_mx)/k_sx*k_p4_4)))),0) | U16: =IF(K16=1,(k_ea+k_eb*EXP(k_ec*((G16)-k_mx)/k_sx)),0) | V16: =IF(K16=1,G16,NA()) | W16: =IF(K16=1,I16,NA()) | X16: =IF(K16=1,I16/G16,NA()) | Y16: =IF(AND(F16>=2,F16<=k_n),ROUND(I16-I15,9),0) | Z16: =IF(AND(F16>=2,F16<=k_n-1),IF(AND(Y16>=0.5,Y17>=0.5),1,0),0) | AA16: =IF(K16=1,IF(G16<=k_gk1,k_gy0+(k_gy1-k_gy0)*(G16-k_gx0)/(k_gk1-k_gx0),IF(G16<=k_gk2,k_gy1+(k_gy2-k_gy1)*(G16-k_gk1)/(k_gk2-k_gk1),k_gy2+(k_gy3-k_gy2)*(G16-k_gk2)/(k_gx3-k_gk2))),0) | AC16: 14 | AD16: =IF(AC16<=k_nh,SMALL($C$3:$C$22,AC16),0) | AE16: =AD16^2 | AF16: =IF(AC16<=k_nh,INDEX(Eingabe!$E$17:$E$36,MATCH(AD16,$C$3:$C$22,0)),0) | AG16: =IF(AC16<=k_nh,AD16,NA()) | AH16: =IF(AC16<=k_nh,AF16,NA()) | AJ16: 14 | AK16: =IF(AJ16<=k_ng,SMALL($D$3:$D$22,AJ16),0) | AL16: =IF(AJ16<=k_ng,INDEX(Eingabe!$F$17:$F$36,MATCH(AK16,$D$3:$D$22,0)),0) | AM16: =IF(AJ16<k_ng,(AL17-AL16)/(AK17-AK16),0) | AN16: =AO16 | AO16: =IF(AJ16<=k_ng,IF(AJ16=1,AM16,IF(AJ16=k_ng,AM15,IF(AM15*AM16<=0,0,(AM15+AM16)/2))),0) | AP16: =IF(AJ16<k_ng,IF(AM16=0,0,IF((IF(AM16=0,0,AO16/AM16)^2+IF(AM16=0,0,AO17/AM16)^2)>9,3/SQRT((IF(AM16=0,0,AO16/AM16)^2+IF(AM16=0,0,AO17/AM16)^2))*IF(AM16=0,0,AO16/AM16)*AM16,AO16)),0) | AQ16: =IF(AJ16<k_ng,IF(AM16=0,0,IF((IF(AM16=0,0,AO16/AM16)^2+IF(AM16=0,0,AO17/AM16)^2)>9,3/SQRT((IF(AM16=0,0,AO16/AM16)^2+IF(AM16=0,0,AO17/AM16)^2))*IF(AM16=0,0,AO17/AM16)*AM16,AO17)),0) | AR16: =IF(AJ16<=k_ng,AK16,NA()) | AS16: =IF(AJ16<=k_ng,AL16,NA())
A17: 15 | B17: =IF(AND(ISNUMBER(Eingabe!$C$31),ISNUMBER(Eingabe!$D$31)),IF(AND(Eingabe!$C$31>0,Eingabe!$D$31>0),Eingabe!$C$31,""),"") | C17: =IF(AND(ISNUMBER(B17),ISNUMBER(Eingabe!$E$31)),IF(Eingabe!$E$31>0,B17,""),"") | D17: =IF(AND(k_gluOn,ISNUMBER(B17),ISNUMBER(Eingabe!$F$31)),IF(Eingabe!$F$31>0,B17,""),"") | F17: 15 | G17: =IF(F17<=k_n,SMALL($B$3:$B$22,F17),0) | H17: =IF(F17<=k_n,MATCH(G17,$B$3:$B$22,0),0) | I17: =IF(F17<=k_n,INDEX(Eingabe!$D$17:$D$36,H17),0) | J17: =IF(F17<=k_n,IF(ISNUMBER(INDEX(Eingabe!$E$17:$E$36,H17)),INDEX(Eingabe!$E$17:$E$36,H17),""),"") | K17: =IF(F17<=k_n,1,0) | L17: =IF(K17=1,(G17-k_mx)/k_sx,0) | M17: =L17^2 | N17: =L17^3 | O17: =L17^4 | P17: =IF(K17=1,LN(G17),0) | Q17: =IF(K17=1,LN(I17),0) | R17: =IF(K17=1,(k_p2_0+((G17)-k_mx)/k_sx*(k_p2_1+((G17)-k_mx)/k_sx*k_p2_2)),0) | S17: =IF(K17=1,(k_p3_0+((G17)-k_mx)/k_sx*(k_p3_1+((G17)-k_mx)/k_sx*(k_p3_2+((G17)-k_mx)/k_sx*k_p3_3))),0) | T17: =IF(K17=1,(k_p4_0+((G17)-k_mx)/k_sx*(k_p4_1+((G17)-k_mx)/k_sx*(k_p4_2+((G17)-k_mx)/k_sx*(k_p4_3+((G17)-k_mx)/k_sx*k_p4_4)))),0) | U17: =IF(K17=1,(k_ea+k_eb*EXP(k_ec*((G17)-k_mx)/k_sx)),0) | V17: =IF(K17=1,G17,NA()) | W17: =IF(K17=1,I17,NA()) | X17: =IF(K17=1,I17/G17,NA()) | Y17: =IF(AND(F17>=2,F17<=k_n),ROUND(I17-I16,9),0) | Z17: =IF(AND(F17>=2,F17<=k_n-1),IF(AND(Y17>=0.5,Y18>=0.5),1,0),0) | AA17: =IF(K17=1,IF(G17<=k_gk1,k_gy0+(k_gy1-k_gy0)*(G17-k_gx0)/(k_gk1-k_gx0),IF(G17<=k_gk2,k_gy1+(k_gy2-k_gy1)*(G17-k_gk1)/(k_gk2-k_gk1),k_gy2+(k_gy3-k_gy2)*(G17-k_gk2)/(k_gx3-k_gk2))),0) | AC17: 15 | AD17: =IF(AC17<=k_nh,SMALL($C$3:$C$22,AC17),0) | AE17: =AD17^2 | AF17: =IF(AC17<=k_nh,INDEX(Eingabe!$E$17:$E$36,MATCH(AD17,$C$3:$C$22,0)),0) | AG17: =IF(AC17<=k_nh,AD17,NA()) | AH17: =IF(AC17<=k_nh,AF17,NA()) | AJ17: 15 | AK17: =IF(AJ17<=k_ng,SMALL($D$3:$D$22,AJ17),0) | AL17: =IF(AJ17<=k_ng,INDEX(Eingabe!$F$17:$F$36,MATCH(AK17,$D$3:$D$22,0)),0) | AM17: =IF(AJ17<k_ng,(AL18-AL17)/(AK18-AK17),0) | AN17: =AO17 | AO17: =IF(AJ17<=k_ng,IF(AJ17=1,AM17,IF(AJ17=k_ng,AM16,IF(AM16*AM17<=0,0,(AM16+AM17)/2))),0) | AP17: =IF(AJ17<k_ng,IF(AM17=0,0,IF((IF(AM17=0,0,AO17/AM17)^2+IF(AM17=0,0,AO18/AM17)^2)>9,3/SQRT((IF(AM17=0,0,AO17/AM17)^2+IF(AM17=0,0,AO18/AM17)^2))*IF(AM17=0,0,AO17/AM17)*AM17,AO17)),0) | AQ17: =IF(AJ17<k_ng,IF(AM17=0,0,IF((IF(AM17=0,0,AO17/AM17)^2+IF(AM17=0,0,AO18/AM17)^2)>9,3/SQRT((IF(AM17=0,0,AO17/AM17)^2+IF(AM17=0,0,AO18/AM17)^2))*IF(AM17=0,0,AO18/AM17)*AM17,AO18)),0) | AR17: =IF(AJ17<=k_ng,AK17,NA()) | AS17: =IF(AJ17<=k_ng,AL17,NA())
A18: 16 | B18: =IF(AND(ISNUMBER(Eingabe!$C$32),ISNUMBER(Eingabe!$D$32)),IF(AND(Eingabe!$C$32>0,Eingabe!$D$32>0),Eingabe!$C$32,""),"") | C18: =IF(AND(ISNUMBER(B18),ISNUMBER(Eingabe!$E$32)),IF(Eingabe!$E$32>0,B18,""),"") | D18: =IF(AND(k_gluOn,ISNUMBER(B18),ISNUMBER(Eingabe!$F$32)),IF(Eingabe!$F$32>0,B18,""),"") | F18: 16 | G18: =IF(F18<=k_n,SMALL($B$3:$B$22,F18),0) | H18: =IF(F18<=k_n,MATCH(G18,$B$3:$B$22,0),0) | I18: =IF(F18<=k_n,INDEX(Eingabe!$D$17:$D$36,H18),0) | J18: =IF(F18<=k_n,IF(ISNUMBER(INDEX(Eingabe!$E$17:$E$36,H18)),INDEX(Eingabe!$E$17:$E$36,H18),""),"") | K18: =IF(F18<=k_n,1,0) | L18: =IF(K18=1,(G18-k_mx)/k_sx,0) | M18: =L18^2 | N18: =L18^3 | O18: =L18^4 | P18: =IF(K18=1,LN(G18),0) | Q18: =IF(K18=1,LN(I18),0) | R18: =IF(K18=1,(k_p2_0+((G18)-k_mx)/k_sx*(k_p2_1+((G18)-k_mx)/k_sx*k_p2_2)),0) | S18: =IF(K18=1,(k_p3_0+((G18)-k_mx)/k_sx*(k_p3_1+((G18)-k_mx)/k_sx*(k_p3_2+((G18)-k_mx)/k_sx*k_p3_3))),0) | T18: =IF(K18=1,(k_p4_0+((G18)-k_mx)/k_sx*(k_p4_1+((G18)-k_mx)/k_sx*(k_p4_2+((G18)-k_mx)/k_sx*(k_p4_3+((G18)-k_mx)/k_sx*k_p4_4)))),0) | U18: =IF(K18=1,(k_ea+k_eb*EXP(k_ec*((G18)-k_mx)/k_sx)),0) | V18: =IF(K18=1,G18,NA()) | W18: =IF(K18=1,I18,NA()) | X18: =IF(K18=1,I18/G18,NA()) | Y18: =IF(AND(F18>=2,F18<=k_n),ROUND(I18-I17,9),0) | Z18: =IF(AND(F18>=2,F18<=k_n-1),IF(AND(Y18>=0.5,Y19>=0.5),1,0),0) | AA18: =IF(K18=1,IF(G18<=k_gk1,k_gy0+(k_gy1-k_gy0)*(G18-k_gx0)/(k_gk1-k_gx0),IF(G18<=k_gk2,k_gy1+(k_gy2-k_gy1)*(G18-k_gk1)/(k_gk2-k_gk1),k_gy2+(k_gy3-k_gy2)*(G18-k_gk2)/(k_gx3-k_gk2))),0) | AC18: 16 | AD18: =IF(AC18<=k_nh,SMALL($C$3:$C$22,AC18),0) | AE18: =AD18^2 | AF18: =IF(AC18<=k_nh,INDEX(Eingabe!$E$17:$E$36,MATCH(AD18,$C$3:$C$22,0)),0) | AG18: =IF(AC18<=k_nh,AD18,NA()) | AH18: =IF(AC18<=k_nh,AF18,NA()) | AJ18: 16 | AK18: =IF(AJ18<=k_ng,SMALL($D$3:$D$22,AJ18),0) | AL18: =IF(AJ18<=k_ng,INDEX(Eingabe!$F$17:$F$36,MATCH(AK18,$D$3:$D$22,0)),0) | AM18: =IF(AJ18<k_ng,(AL19-AL18)/(AK19-AK18),0) | AN18: =AO18 | AO18: =IF(AJ18<=k_ng,IF(AJ18=1,AM18,IF(AJ18=k_ng,AM17,IF(AM17*AM18<=0,0,(AM17+AM18)/2))),0) | AP18: =IF(AJ18<k_ng,IF(AM18=0,0,IF((IF(AM18=0,0,AO18/AM18)^2+IF(AM18=0,0,AO19/AM18)^2)>9,3/SQRT((IF(AM18=0,0,AO18/AM18)^2+IF(AM18=0,0,AO19/AM18)^2))*IF(AM18=0,0,AO18/AM18)*AM18,AO18)),0) | AQ18: =IF(AJ18<k_ng,IF(AM18=0,0,IF((IF(AM18=0,0,AO18/AM18)^2+IF(AM18=0,0,AO19/AM18)^2)>9,3/SQRT((IF(AM18=0,0,AO18/AM18)^2+IF(AM18=0,0,AO19/AM18)^2))*IF(AM18=0,0,AO19/AM18)*AM18,AO19)),0) | AR18: =IF(AJ18<=k_ng,AK18,NA()) | AS18: =IF(AJ18<=k_ng,AL18,NA())
A19: 17 | B19: =IF(AND(ISNUMBER(Eingabe!$C$33),ISNUMBER(Eingabe!$D$33)),IF(AND(Eingabe!$C$33>0,Eingabe!$D$33>0),Eingabe!$C$33,""),"") | C19: =IF(AND(ISNUMBER(B19),ISNUMBER(Eingabe!$E$33)),IF(Eingabe!$E$33>0,B19,""),"") | D19: =IF(AND(k_gluOn,ISNUMBER(B19),ISNUMBER(Eingabe!$F$33)),IF(Eingabe!$F$33>0,B19,""),"") | F19: 17 | G19: =IF(F19<=k_n,SMALL($B$3:$B$22,F19),0) | H19: =IF(F19<=k_n,MATCH(G19,$B$3:$B$22,0),0) | I19: =IF(F19<=k_n,INDEX(Eingabe!$D$17:$D$36,H19),0) | J19: =IF(F19<=k_n,IF(ISNUMBER(INDEX(Eingabe!$E$17:$E$36,H19)),INDEX(Eingabe!$E$17:$E$36,H19),""),"") | K19: =IF(F19<=k_n,1,0) | L19: =IF(K19=1,(G19-k_mx)/k_sx,0) | M19: =L19^2 | N19: =L19^3 | O19: =L19^4 | P19: =IF(K19=1,LN(G19),0) | Q19: =IF(K19=1,LN(I19),0) | R19: =IF(K19=1,(k_p2_0+((G19)-k_mx)/k_sx*(k_p2_1+((G19)-k_mx)/k_sx*k_p2_2)),0) | S19: =IF(K19=1,(k_p3_0+((G19)-k_mx)/k_sx*(k_p3_1+((G19)-k_mx)/k_sx*(k_p3_2+((G19)-k_mx)/k_sx*k_p3_3))),0) | T19: =IF(K19=1,(k_p4_0+((G19)-k_mx)/k_sx*(k_p4_1+((G19)-k_mx)/k_sx*(k_p4_2+((G19)-k_mx)/k_sx*(k_p4_3+((G19)-k_mx)/k_sx*k_p4_4)))),0) | U19: =IF(K19=1,(k_ea+k_eb*EXP(k_ec*((G19)-k_mx)/k_sx)),0) | V19: =IF(K19=1,G19,NA()) | W19: =IF(K19=1,I19,NA()) | X19: =IF(K19=1,I19/G19,NA()) | Y19: =IF(AND(F19>=2,F19<=k_n),ROUND(I19-I18,9),0) | Z19: =IF(AND(F19>=2,F19<=k_n-1),IF(AND(Y19>=0.5,Y20>=0.5),1,0),0) | AA19: =IF(K19=1,IF(G19<=k_gk1,k_gy0+(k_gy1-k_gy0)*(G19-k_gx0)/(k_gk1-k_gx0),IF(G19<=k_gk2,k_gy1+(k_gy2-k_gy1)*(G19-k_gk1)/(k_gk2-k_gk1),k_gy2+(k_gy3-k_gy2)*(G19-k_gk2)/(k_gx3-k_gk2))),0) | AC19: 17 | AD19: =IF(AC19<=k_nh,SMALL($C$3:$C$22,AC19),0) | AE19: =AD19^2 | AF19: =IF(AC19<=k_nh,INDEX(Eingabe!$E$17:$E$36,MATCH(AD19,$C$3:$C$22,0)),0) | AG19: =IF(AC19<=k_nh,AD19,NA()) | AH19: =IF(AC19<=k_nh,AF19,NA()) | AJ19: 17 | AK19: =IF(AJ19<=k_ng,SMALL($D$3:$D$22,AJ19),0) | AL19: =IF(AJ19<=k_ng,INDEX(Eingabe!$F$17:$F$36,MATCH(AK19,$D$3:$D$22,0)),0) | AM19: =IF(AJ19<k_ng,(AL20-AL19)/(AK20-AK19),0) | AN19: =AO19 | AO19: =IF(AJ19<=k_ng,IF(AJ19=1,AM19,IF(AJ19=k_ng,AM18,IF(AM18*AM19<=0,0,(AM18+AM19)/2))),0) | AP19: =IF(AJ19<k_ng,IF(AM19=0,0,IF((IF(AM19=0,0,AO19/AM19)^2+IF(AM19=0,0,AO20/AM19)^2)>9,3/SQRT((IF(AM19=0,0,AO19/AM19)^2+IF(AM19=0,0,AO20/AM19)^2))*IF(AM19=0,0,AO19/AM19)*AM19,AO19)),0) | AQ19: =IF(AJ19<k_ng,IF(AM19=0,0,IF((IF(AM19=0,0,AO19/AM19)^2+IF(AM19=0,0,AO20/AM19)^2)>9,3/SQRT((IF(AM19=0,0,AO19/AM19)^2+IF(AM19=0,0,AO20/AM19)^2))*IF(AM19=0,0,AO20/AM19)*AM19,AO20)),0) | AR19: =IF(AJ19<=k_ng,AK19,NA()) | AS19: =IF(AJ19<=k_ng,AL19,NA())
A20: 18 | B20: =IF(AND(ISNUMBER(Eingabe!$C$34),ISNUMBER(Eingabe!$D$34)),IF(AND(Eingabe!$C$34>0,Eingabe!$D$34>0),Eingabe!$C$34,""),"") | C20: =IF(AND(ISNUMBER(B20),ISNUMBER(Eingabe!$E$34)),IF(Eingabe!$E$34>0,B20,""),"") | D20: =IF(AND(k_gluOn,ISNUMBER(B20),ISNUMBER(Eingabe!$F$34)),IF(Eingabe!$F$34>0,B20,""),"") | F20: 18 | G20: =IF(F20<=k_n,SMALL($B$3:$B$22,F20),0) | H20: =IF(F20<=k_n,MATCH(G20,$B$3:$B$22,0),0) | I20: =IF(F20<=k_n,INDEX(Eingabe!$D$17:$D$36,H20),0) | J20: =IF(F20<=k_n,IF(ISNUMBER(INDEX(Eingabe!$E$17:$E$36,H20)),INDEX(Eingabe!$E$17:$E$36,H20),""),"") | K20: =IF(F20<=k_n,1,0) | L20: =IF(K20=1,(G20-k_mx)/k_sx,0) | M20: =L20^2 | N20: =L20^3 | O20: =L20^4 | P20: =IF(K20=1,LN(G20),0) | Q20: =IF(K20=1,LN(I20),0) | R20: =IF(K20=1,(k_p2_0+((G20)-k_mx)/k_sx*(k_p2_1+((G20)-k_mx)/k_sx*k_p2_2)),0) | S20: =IF(K20=1,(k_p3_0+((G20)-k_mx)/k_sx*(k_p3_1+((G20)-k_mx)/k_sx*(k_p3_2+((G20)-k_mx)/k_sx*k_p3_3))),0) | T20: =IF(K20=1,(k_p4_0+((G20)-k_mx)/k_sx*(k_p4_1+((G20)-k_mx)/k_sx*(k_p4_2+((G20)-k_mx)/k_sx*(k_p4_3+((G20)-k_mx)/k_sx*k_p4_4)))),0) | U20: =IF(K20=1,(k_ea+k_eb*EXP(k_ec*((G20)-k_mx)/k_sx)),0) | V20: =IF(K20=1,G20,NA()) | W20: =IF(K20=1,I20,NA()) | X20: =IF(K20=1,I20/G20,NA()) | Y20: =IF(AND(F20>=2,F20<=k_n),ROUND(I20-I19,9),0) | Z20: =IF(AND(F20>=2,F20<=k_n-1),IF(AND(Y20>=0.5,Y21>=0.5),1,0),0) | AA20: =IF(K20=1,IF(G20<=k_gk1,k_gy0+(k_gy1-k_gy0)*(G20-k_gx0)/(k_gk1-k_gx0),IF(G20<=k_gk2,k_gy1+(k_gy2-k_gy1)*(G20-k_gk1)/(k_gk2-k_gk1),k_gy2+(k_gy3-k_gy2)*(G20-k_gk2)/(k_gx3-k_gk2))),0) | AC20: 18 | AD20: =IF(AC20<=k_nh,SMALL($C$3:$C$22,AC20),0) | AE20: =AD20^2 | AF20: =IF(AC20<=k_nh,INDEX(Eingabe!$E$17:$E$36,MATCH(AD20,$C$3:$C$22,0)),0) | AG20: =IF(AC20<=k_nh,AD20,NA()) | AH20: =IF(AC20<=k_nh,AF20,NA()) | AJ20: 18 | AK20: =IF(AJ20<=k_ng,SMALL($D$3:$D$22,AJ20),0) | AL20: =IF(AJ20<=k_ng,INDEX(Eingabe!$F$17:$F$36,MATCH(AK20,$D$3:$D$22,0)),0) | AM20: =IF(AJ20<k_ng,(AL21-AL20)/(AK21-AK20),0) | AN20: =AO20 | AO20: =IF(AJ20<=k_ng,IF(AJ20=1,AM20,IF(AJ20=k_ng,AM19,IF(AM19*AM20<=0,0,(AM19+AM20)/2))),0) | AP20: =IF(AJ20<k_ng,IF(AM20=0,0,IF((IF(AM20=0,0,AO20/AM20)^2+IF(AM20=0,0,AO21/AM20)^2)>9,3/SQRT((IF(AM20=0,0,AO20/AM20)^2+IF(AM20=0,0,AO21/AM20)^2))*IF(AM20=0,0,AO20/AM20)*AM20,AO20)),0) | AQ20: =IF(AJ20<k_ng,IF(AM20=0,0,IF((IF(AM20=0,0,AO20/AM20)^2+IF(AM20=0,0,AO21/AM20)^2)>9,3/SQRT((IF(AM20=0,0,AO20/AM20)^2+IF(AM20=0,0,AO21/AM20)^2))*IF(AM20=0,0,AO21/AM20)*AM20,AO21)),0) | AR20: =IF(AJ20<=k_ng,AK20,NA()) | AS20: =IF(AJ20<=k_ng,AL20,NA())
A21: 19 | B21: =IF(AND(ISNUMBER(Eingabe!$C$35),ISNUMBER(Eingabe!$D$35)),IF(AND(Eingabe!$C$35>0,Eingabe!$D$35>0),Eingabe!$C$35,""),"") | C21: =IF(AND(ISNUMBER(B21),ISNUMBER(Eingabe!$E$35)),IF(Eingabe!$E$35>0,B21,""),"") | D21: =IF(AND(k_gluOn,ISNUMBER(B21),ISNUMBER(Eingabe!$F$35)),IF(Eingabe!$F$35>0,B21,""),"") | F21: 19 | G21: =IF(F21<=k_n,SMALL($B$3:$B$22,F21),0) | H21: =IF(F21<=k_n,MATCH(G21,$B$3:$B$22,0),0) | I21: =IF(F21<=k_n,INDEX(Eingabe!$D$17:$D$36,H21),0) | J21: =IF(F21<=k_n,IF(ISNUMBER(INDEX(Eingabe!$E$17:$E$36,H21)),INDEX(Eingabe!$E$17:$E$36,H21),""),"") | K21: =IF(F21<=k_n,1,0) | L21: =IF(K21=1,(G21-k_mx)/k_sx,0) | M21: =L21^2 | N21: =L21^3 | O21: =L21^4 | P21: =IF(K21=1,LN(G21),0) | Q21: =IF(K21=1,LN(I21),0) | R21: =IF(K21=1,(k_p2_0+((G21)-k_mx)/k_sx*(k_p2_1+((G21)-k_mx)/k_sx*k_p2_2)),0) | S21: =IF(K21=1,(k_p3_0+((G21)-k_mx)/k_sx*(k_p3_1+((G21)-k_mx)/k_sx*(k_p3_2+((G21)-k_mx)/k_sx*k_p3_3))),0) | T21: =IF(K21=1,(k_p4_0+((G21)-k_mx)/k_sx*(k_p4_1+((G21)-k_mx)/k_sx*(k_p4_2+((G21)-k_mx)/k_sx*(k_p4_3+((G21)-k_mx)/k_sx*k_p4_4)))),0) | U21: =IF(K21=1,(k_ea+k_eb*EXP(k_ec*((G21)-k_mx)/k_sx)),0) | V21: =IF(K21=1,G21,NA()) | W21: =IF(K21=1,I21,NA()) | X21: =IF(K21=1,I21/G21,NA()) | Y21: =IF(AND(F21>=2,F21<=k_n),ROUND(I21-I20,9),0) | Z21: =IF(AND(F21>=2,F21<=k_n-1),IF(AND(Y21>=0.5,Y22>=0.5),1,0),0) | AA21: =IF(K21=1,IF(G21<=k_gk1,k_gy0+(k_gy1-k_gy0)*(G21-k_gx0)/(k_gk1-k_gx0),IF(G21<=k_gk2,k_gy1+(k_gy2-k_gy1)*(G21-k_gk1)/(k_gk2-k_gk1),k_gy2+(k_gy3-k_gy2)*(G21-k_gk2)/(k_gx3-k_gk2))),0) | AC21: 19 | AD21: =IF(AC21<=k_nh,SMALL($C$3:$C$22,AC21),0) | AE21: =AD21^2 | AF21: =IF(AC21<=k_nh,INDEX(Eingabe!$E$17:$E$36,MATCH(AD21,$C$3:$C$22,0)),0) | AG21: =IF(AC21<=k_nh,AD21,NA()) | AH21: =IF(AC21<=k_nh,AF21,NA()) | AJ21: 19 | AK21: =IF(AJ21<=k_ng,SMALL($D$3:$D$22,AJ21),0) | AL21: =IF(AJ21<=k_ng,INDEX(Eingabe!$F$17:$F$36,MATCH(AK21,$D$3:$D$22,0)),0) | AM21: =IF(AJ21<k_ng,(AL22-AL21)/(AK22-AK21),0) | AN21: =AO21 | AO21: =IF(AJ21<=k_ng,IF(AJ21=1,AM21,IF(AJ21=k_ng,AM20,IF(AM20*AM21<=0,0,(AM20+AM21)/2))),0) | AP21: =IF(AJ21<k_ng,IF(AM21=0,0,IF((IF(AM21=0,0,AO21/AM21)^2+IF(AM21=0,0,AO22/AM21)^2)>9,3/SQRT((IF(AM21=0,0,AO21/AM21)^2+IF(AM21=0,0,AO22/AM21)^2))*IF(AM21=0,0,AO21/AM21)*AM21,AO21)),0) | AQ21: =IF(AJ21<k_ng,IF(AM21=0,0,IF((IF(AM21=0,0,AO21/AM21)^2+IF(AM21=0,0,AO22/AM21)^2)>9,3/SQRT((IF(AM21=0,0,AO21/AM21)^2+IF(AM21=0,0,AO22/AM21)^2))*IF(AM21=0,0,AO22/AM21)*AM21,AO22)),0) | AR21: =IF(AJ21<=k_ng,AK21,NA()) | AS21: =IF(AJ21<=k_ng,AL21,NA())
A22: 20 | B22: =IF(AND(ISNUMBER(Eingabe!$C$36),ISNUMBER(Eingabe!$D$36)),IF(AND(Eingabe!$C$36>0,Eingabe!$D$36>0),Eingabe!$C$36,""),"") | C22: =IF(AND(ISNUMBER(B22),ISNUMBER(Eingabe!$E$36)),IF(Eingabe!$E$36>0,B22,""),"") | D22: =IF(AND(k_gluOn,ISNUMBER(B22),ISNUMBER(Eingabe!$F$36)),IF(Eingabe!$F$36>0,B22,""),"") | F22: 20 | G22: =IF(F22<=k_n,SMALL($B$3:$B$22,F22),0) | H22: =IF(F22<=k_n,MATCH(G22,$B$3:$B$22,0),0) | I22: =IF(F22<=k_n,INDEX(Eingabe!$D$17:$D$36,H22),0) | J22: =IF(F22<=k_n,IF(ISNUMBER(INDEX(Eingabe!$E$17:$E$36,H22)),INDEX(Eingabe!$E$17:$E$36,H22),""),"") | K22: =IF(F22<=k_n,1,0) | L22: =IF(K22=1,(G22-k_mx)/k_sx,0) | M22: =L22^2 | N22: =L22^3 | O22: =L22^4 | P22: =IF(K22=1,LN(G22),0) | Q22: =IF(K22=1,LN(I22),0) | R22: =IF(K22=1,(k_p2_0+((G22)-k_mx)/k_sx*(k_p2_1+((G22)-k_mx)/k_sx*k_p2_2)),0) | S22: =IF(K22=1,(k_p3_0+((G22)-k_mx)/k_sx*(k_p3_1+((G22)-k_mx)/k_sx*(k_p3_2+((G22)-k_mx)/k_sx*k_p3_3))),0) | T22: =IF(K22=1,(k_p4_0+((G22)-k_mx)/k_sx*(k_p4_1+((G22)-k_mx)/k_sx*(k_p4_2+((G22)-k_mx)/k_sx*(k_p4_3+((G22)-k_mx)/k_sx*k_p4_4)))),0) | U22: =IF(K22=1,(k_ea+k_eb*EXP(k_ec*((G22)-k_mx)/k_sx)),0) | V22: =IF(K22=1,G22,NA()) | W22: =IF(K22=1,I22,NA()) | X22: =IF(K22=1,I22/G22,NA()) | Y22: =IF(AND(F22>=2,F22<=k_n),ROUND(I22-I21,9),0) | Z22: =IF(AND(F22>=2,F22<=k_n-1),IF(AND(Y22>=0.5,0>=0.5),1,0),0) | AA22: =IF(K22=1,IF(G22<=k_gk1,k_gy0+(k_gy1-k_gy0)*(G22-k_gx0)/(k_gk1-k_gx0),IF(G22<=k_gk2,k_gy1+(k_gy2-k_gy1)*(G22-k_gk1)/(k_gk2-k_gk1),k_gy2+(k_gy3-k_gy2)*(G22-k_gk2)/(k_gx3-k_gk2))),0) | AC22: 20 | AD22: =IF(AC22<=k_nh,SMALL($C$3:$C$22,AC22),0) | AE22: =AD22^2 | AF22: =IF(AC22<=k_nh,INDEX(Eingabe!$E$17:$E$36,MATCH(AD22,$C$3:$C$22,0)),0) | AG22: =IF(AC22<=k_nh,AD22,NA()) | AH22: =IF(AC22<=k_nh,AF22,NA()) | AJ22: 20 | AK22: =IF(AJ22<=k_ng,SMALL($D$3:$D$22,AJ22),0) | AL22: =IF(AJ22<=k_ng,INDEX(Eingabe!$F$17:$F$36,MATCH(AK22,$D$3:$D$22,0)),0) | AM22: =IF(AJ22<k_ng,(AL23-AL22)/(AK23-AK22),0) | AN22: =AO22 | AO22: =IF(AJ22<=k_ng,IF(AJ22=1,AM22,IF(AJ22=k_ng,AM21,IF(AM21*AM22<=0,0,(AM21+AM22)/2))),0) | AP22: =IF(AJ22<k_ng,IF(AM22=0,0,IF((IF(AM22=0,0,AO22/AM22)^2+IF(AM22=0,0,0/AM22)^2)>9,3/SQRT((IF(AM22=0,0,AO22/AM22)^2+IF(AM22=0,0,0/AM22)^2))*IF(AM22=0,0,AO22/AM22)*AM22,AO22)),0) | AQ22: =IF(AJ22<k_ng,IF(AM22=0,0,IF((IF(AM22=0,0,AO22/AM22)^2+IF(AM22=0,0,0/AM22)^2)>9,3/SQRT((IF(AM22=0,0,AO22/AM22)^2+IF(AM22=0,0,0/AM22)^2))*IF(AM22=0,0,0/AM22)*AM22,0)),0) | AR22: =IF(AJ22<=k_ng,AK22,NA()) | AS22: =IF(AJ22<=k_ng,AL22,NA())
A26: Anzahl gültiger Stufen | B26: =COUNT($B$3:$B$22)
A27: Anzahl HF-Werte | B27: =COUNT($C$3:$C$22)
A28: Anzahl Glukosewerte | B28: =COUNT($D$3:$D$22)
A29: Einheit | B29: =IF(Eingabe!$B$9="Radergometer (W)","W","km/h")
A30: Laufband? | B30: =k_unit="km/h"
A31: Nachkommastellen Belastung | B31: =IF(k_run,2,0)
A32: Glukose erfassen | B32: =Eingabe!$I$11="Ja"
A33: Glukose-Einheit | B33: =IF(Eingabe!$I$12="mmol/L","mmol/L","mg/dL")
A34: Glukose-Dezimalen | B34: =IF(k_gluU="mmol/L",1,0)
A35: doppelte Belastung | B35: =SUMPRODUCT(($G$4:$G$22=$G$3:$G$21)*($F$4:$F$22<=k_n))>0
A36: erste Stufe | B36: =IF(k_n>0,$G$3,0)
A37: letzte Stufe (vmax) | B37: =IF(k_n>0,INDEX($G$3:$G$22,k_n),1)
A38: Messbereich | B38: =MAX(k_hi-k_lo,1E-9)
A39: Mittelwert x | B39: =IF(k_n>0,SUMPRODUCT(Calc!$K$3:$K$22,Calc!$G$3:$G$22)/k_n,0)
A40: SD x (Population) | B40: =IF(k_n>0,IF(SQRT(SUMPRODUCT(Calc!$K$3:$K$22,(Calc!$G$3:$G$22-k_mx)^2)/k_n)>0,SQRT(SUMPRODUCT(Calc!$K$3:$K$22,(Calc!$G$3:$G$22-k_mx)^2)/k_n),1),1)
A41: Ruhelaktat | B41: =IF(ISNUMBER(Eingabe!$E$9),Eingabe!$E$9,"")
A42: min. Stufenlaktat | B42: {=MIN(IF(Calc!$K$3:$K$22=1,Calc!$I$3:$I$22))}
A43: Baseline | B43: =IF(AND(Eingabe!$I$8="Ruhelaktat",ISNUMBER(k_rest)),k_rest,k_lamin)
A44: max. Laktat | B44: =MAX(Calc!$I$3:$I$22)
A45: Mittel Laktat | B45: =IF(k_n>0,SUMPRODUCT(Calc!$K$3:$K$22,Calc!$I$3:$I$22)/k_n,0)
A46: SST Laktat | B46: =SUMPRODUCT(Calc!$K$3:$K$22,(Calc!$I$3:$I$22-k_ymean)^2)
A47: Modell-Index | B47: =IFERROR(MATCH(Eingabe!$I$4,Listen!$F$2:$F$5,0),2)
A48: Modell exponentiell | B48: =k_model=4
A49: LT1-Verfahren (Index) | B49: =IFERROR(MATCH(Eingabe!$I$5,Listen!$B$2:$B$22,0),1)
A50: LT2-Verfahren (Index) | B50: =IFERROR(MATCH(Eingabe!$I$6,Listen!$B$2:$B$22,0),7)
A51: LTP1-Suchbereich (Anteil) | B51: =IF(AND(ISNUMBER(Eingabe!$I$7),Eingabe!$I$7>=40,Eingabe!$I$7<=95),Eingabe!$I$7/100,0.7)
A52: HF-Modellgrad | B52: =IF(Eingabe!$I$9="linear",1,2)
A53: Hilfsgeraden frei | B53: =Eingabe!$I$10="freie Regression durch die Messpunkte"
A54: zweite Stufe | B54: =IF(k_n>1,$G$4,k_lo)
A55: vorletzte Stufe | B55: =IF(k_n>1,INDEX($G$3:$G$22,k_n-1),k_hi)
A56: Laktat erste Stufe | B56: =$I$3
A57: Laktat letzte Stufe | B57: =IF(k_n>0,INDEX($I$3:$I$22,k_n),0)
A58: Stufendauer [min] | B58: =IF(ISNUMBER(Eingabe!$E$4),Eingabe!$E$4,"")
A60: Polynom- und Exponentialfit (Koeffizienten in t = (x − x̄)/s)
A61: Polynom 2. Grades verfügbar | B61: =AND(k_n>=3,NOT(k_dup))
A62: p2 c0 | B62: =IF(k_p2ok,IFERROR(INDEX(LINEST(OFFSET($I$3,0,0,k_n,1),OFFSET($L$3,0,0,k_n,2)),1,3),0),0)
A63: p2 c1 | B63: =IF(k_p2ok,IFERROR(INDEX(LINEST(OFFSET($I$3,0,0,k_n,1),OFFSET($L$3,0,0,k_n,2)),1,2),0),0)
A64: p2 c2 | B64: =IF(k_p2ok,IFERROR(INDEX(LINEST(OFFSET($I$3,0,0,k_n,1),OFFSET($L$3,0,0,k_n,2)),1,1),0),0)
A65: Polynom 3. Grades verfügbar | B65: =AND(k_n>=4,NOT(k_dup))
A66: p3 c0 | B66: =IF(k_p3ok,IFERROR(INDEX(LINEST(OFFSET($I$3,0,0,k_n,1),OFFSET($L$3,0,0,k_n,3)),1,4),0),0)
A67: p3 c1 | B67: =IF(k_p3ok,IFERROR(INDEX(LINEST(OFFSET($I$3,0,0,k_n,1),OFFSET($L$3,0,0,k_n,3)),1,3),0),0)
A68: p3 c2 | B68: =IF(k_p3ok,IFERROR(INDEX(LINEST(OFFSET($I$3,0,0,k_n,1),OFFSET($L$3,0,0,k_n,3)),1,2),0),0)
A69: p3 c3 | B69: =IF(k_p3ok,IFERROR(INDEX(LINEST(OFFSET($I$3,0,0,k_n,1),OFFSET($L$3,0,0,k_n,3)),1,1),0),0)
A70: Polynom 4. Grades verfügbar | B70: =AND(k_n>=5,NOT(k_dup))
A71: p4 c0 | B71: =IF(k_p4ok,IFERROR(INDEX(LINEST(OFFSET($I$3,0,0,k_n,1),OFFSET($L$3,0,0,k_n,4)),1,5),0),0)
A72: p4 c1 | B72: =IF(k_p4ok,IFERROR(INDEX(LINEST(OFFSET($I$3,0,0,k_n,1),OFFSET($L$3,0,0,k_n,4)),1,4),0),0)
A73: p4 c2 | B73: =IF(k_p4ok,IFERROR(INDEX(LINEST(OFFSET($I$3,0,0,k_n,1),OFFSET($L$3,0,0,k_n,4)),1,3),0),0)
A74: p4 c3 | B74: =IF(k_p4ok,IFERROR(INDEX(LINEST(OFFSET($I$3,0,0,k_n,1),OFFSET($L$3,0,0,k_n,4)),1,2),0),0)
A75: p4 c4 | B75: =IF(k_p4ok,IFERROR(INDEX(LINEST(OFFSET($I$3,0,0,k_n,1),OFFSET($L$3,0,0,k_n,4)),1,1),0),0)
A76: Exponentialfit verfügbar | B76: =AND(k_n>=4,NOT(k_dup),ExpFit!$B$4<1E+299)
A77: exp a | B77: =IF(k_eok,ExpFit!$B$6,0)
A78: exp b (t) | B78: =IF(k_eok,ExpFit!$B$7,0)
A79: exp c (t) | B79: =IF(k_eok,ExpFit!$B$5,0)
A81: Güte je Modell | B81: verfügbar | C81: Parameter | D81: SSE | E81: R² | F81: RMSE | G81: exakt
A82: Polynom 2. Grades | B82: =k_p2ok | C82: 3 | D82: =SUMPRODUCT(Calc!$K$3:$K$22,(Calc!$I$3:$I$22-Calc!$R$3:$R$22)^2) | E82: =IF(k_sst>0,1-D82/k_sst,"") | F82: =IF(k_n>0,SQRT(D82/k_n),0) | G82: =k_n<=C82 | H82: gewähltes Modell ok | I82: =INDEX($B$82:$B$85,k_model)
A83: Polynom 3. Grades | B83: =k_p3ok | C83: 4 | D83: =SUMPRODUCT(Calc!$K$3:$K$22,(Calc!$I$3:$I$22-Calc!$S$3:$S$22)^2) | E83: =IF(k_sst>0,1-D83/k_sst,"") | F83: =IF(k_n>0,SQRT(D83/k_n),0) | G83: =k_n<=C83
A84: Polynom 4. Grades | B84: =k_p4ok | C84: 5 | D84: =SUMPRODUCT(Calc!$K$3:$K$22,(Calc!$I$3:$I$22-Calc!$T$3:$T$22)^2) | E84: =IF(k_sst>0,1-D84/k_sst,"") | F84: =IF(k_n>0,SQRT(D84/k_n),0) | G84: =k_n<=C84
A85: Exponentiell | B85: =k_eok | C85: 3 | D85: =SUMPRODUCT(Calc!$K$3:$K$22,(Calc!$I$3:$I$22-Calc!$U$3:$U$22)^2) | E85: =IF(k_sst>0,1-D85/k_sst,"") | F85: =IF(k_n>0,SQRT(D85/k_n),0) | G85: =k_n<=C85
A87: Gewähltes Modell (Polynom-Koeffizienten, 0 bei exp)
A88: s0 | B88: =CHOOSE(k_model,k_p2_0,k_p3_0,k_p4_0,0)
A89: s1 | B89: =CHOOSE(k_model,k_p2_1,k_p3_1,k_p4_1,0)
A90: s2 | B90: =CHOOSE(k_model,k_p2_2,k_p3_2,k_p4_2,0)
A91: s3 | B91: =CHOOSE(k_model,0,k_p3_3,k_p4_3,0)
A92: s4 | B92: =CHOOSE(k_model,0,0,k_p4_4,0)
A93: R² gewählt | B93: =INDEX($E$82:$E$85,k_model)
A94: RMSE gewählt | B94: =INDEX($F$82:$F$85,k_model)
A95: exakt gewählt | B95: =INDEX($G$82:$G$85,k_model)
A96: Rohkoeffizienten a0..a4 (x in Belastungseinheit)
A97: a0 | B97: =k_s0/k_sx^0*1*(-k_mx)^0+k_s1/k_sx^1*1*(-k_mx)^1+k_s2/k_sx^2*1*(-k_mx)^2+k_s3/k_sx^3*1*(-k_mx)^3+k_s4/k_sx^4*1*(-k_mx)^4
A98: a1 | B98: =k_s1/k_sx^1*1*(-k_mx)^0+k_s2/k_sx^2*2*(-k_mx)^1+k_s3/k_sx^3*3*(-k_mx)^2+k_s4/k_sx^4*4*(-k_mx)^3
A99: a2 | B99: =k_s2/k_sx^2*1*(-k_mx)^0+k_s3/k_sx^3*3*(-k_mx)^1+k_s4/k_sx^4*6*(-k_mx)^2
A100: a3 | B100: =k_s3/k_sx^3*1*(-k_mx)^0+k_s4/k_sx^4*4*(-k_mx)^1
A101: a4 | B101: =k_s4/k_sx^4*1*(-k_mx)^0
A102: Modellgleichung | B102: =IF(k_mexp,"La(x) = "&FIXED(k_ea,MAX(0,4-INT(LOG10(ABS(k_ea)+1E-300))),TRUE)&" + "&FIXED(k_eb*EXP(-k_ec*k_mx/k_sx),MAX(0,4-INT(LOG10(ABS(k_eb*EXP(-k_ec*k_mx/k_sx))+1E-300))),TRUE)&"·e^("&FIXED(k_ec/k_sx,MAX(0,4-INT(LOG10(ABS(k_ec/k_sx)+1E-300))),TRUE)&"·x)","La(x) = "&IF($B$97<0,"−","")&IF($B$97=0,"0",FIXED(ABS($B$97),MAX(0,4-INT(LOG10(ABS($B$97)))),TRUE))&IF(CHOOSE(k_model,2,3,4,0)>=1,IF($B$98<0," − "," + ")&IF($B$98=0,"0",FIXED(ABS($B$98),MAX(0,4-INT(LOG10(ABS($B$98)))),TRUE))&"·x","")&IF(CHOOSE(k_model,2,3,4,0)>=2,IF($B$99<0," − "," + ")&IF($B$99=0,"0",FIXED(ABS($B$99),MAX(0,4-INT(LOG10(ABS($B$99)))),TRUE))&"·x²","")&IF(CHOOSE(k_model,2,3,4,0)>=3,IF($B$100<0," − "," + ")&IF($B$100=0,"0",FIXED(ABS($B$100),MAX(0,4-INT(LOG10(ABS($B$100)))),TRUE))&"·x³","")&IF(CHOOSE(k_model,2,3,4,0)>=4,IF($B$101<0," − "," + ")&IF($B$101=0,"0",FIXED(ABS($B$101),MAX(0,4-INT(LOG10(ABS($B$101)))),TRUE))&"·x⁴",""))
A104: HF-Modell
A105: HF-Modell verfügbar | B105: =k_nh>=3
A106: Grad | B106: =MIN(k_hrdeg,k_nh-1)
A107: h0 | B107: =IF(k_hrok,IF(k_hdeg=1,INDEX(LINEST(OFFSET($AF$3,0,0,k_nh,1),OFFSET($AD$3,0,0,k_nh,1)),1,2),INDEX(LINEST(OFFSET($AF$3,0,0,k_nh,1),OFFSET($AD$3,0,0,k_nh,2)),1,3)),0)
...

Sheet Grid
A1: i | B1: x | C1: t | D1: f P2 | E1: f P3 | F1: f P4 | G1: f Exp | H1: f' P2 | I1: f' P3 | J1: f' P4 | K1: f' Exp | L1: f'' P4 | M1: La/x P2 | N1: La/x P3 | O1: La/x P4 | P1: La/x Exp | Q1: f gewählt | R1: f' gewählt
A2: 0 | B2: =k_lo+k_rng*A2/1000 | C2: =(B2-k_mx)/k_sx | D2: =k_p2_0+C2*(k_p2_1+C2*k_p2_2) | E2: =k_p3_0+C2*(k_p3_1+C2*(k_p3_2+C2*k_p3_3)) | F2: =k_p4_0+C2*(k_p4_1+C2*(k_p4_2+C2*(k_p4_3+C2*k_p4_4))) | G2: =k_ea+k_eb*EXP(k_ec*C2) | H2: =(k_p2_1+2*k_p2_2*C2)/k_sx | I2: =(k_p3_1+C2*(2*k_p3_2+3*k_p3_3*C2))/k_sx | J2: =(k_p4_1+C2*(2*k_p4_2+C2*(3*k_p4_3+4*k_p4_4*C2)))/k_sx | K2: =k_eb*k_ec*EXP(k_ec*C2)/k_sx | L2: =(2*k_p4_2+C2*(6*k_p4_3+12*k_p4_4*C2))/k_sx^2 | M2: =D2/B2 | N2: =E2/B2 | O2: =F2/B2 | P2: =G2/B2 | Q2: =CHOOSE(k_model,D2,E2,F2,G2) | R2: =CHOOSE(k_model,H2,I2,J2,K2)
A3: 1 | B3: =k_lo+k_rng*A3/1000 | C3: =(B3-k_mx)/k_sx | D3: =k_p2_0+C3*(k_p2_1+C3*k_p2_2) | E3: =k_p3_0+C3*(k_p3_1+C3*(k_p3_2+C3*k_p3_3)) | F3: =k_p4_0+C3*(k_p4_1+C3*(k_p4_2+C3*(k_p4_3+C3*k_p4_4))) | G3: =k_ea+k_eb*EXP(k_ec*C3) | H3: =(k_p2_1+2*k_p2_2*C3)/k_sx | I3: =(k_p3_1+C3*(2*k_p3_2+3*k_p3_3*C3))/k_sx | J3: =(k_p4_1+C3*(2*k_p4_2+C3*(3*k_p4_3+4*k_p4_4*C3)))/k_sx | K3: =k_eb*k_ec*EXP(k_ec*C3)/k_sx | L3: =(2*k_p4_2+C3*(6*k_p4_3+12*k_p4_4*C3))/k_sx^2 | M3: =D3/B3 | N3: =E3/B3 | O3: =F3/B3 | P3: =G3/B3 | Q3: =CHOOSE(k_model,D3,E3,F3,G3) | R3: =CHOOSE(k_model,H3,I3,J3,K3)
A4: 2 | B4: =k_lo+k_rng*A4/1000 | C4: =(B4-k_mx)/k_sx | D4: =k_p2_0+C4*(k_p2_1+C4*k_p2_2) | E4: =k_p3_0+C4*(k_p3_1+C4*(k_p3_2+C4*k_p3_3)) | F4: =k_p4_0+C4*(k_p4_1+C4*(k_p4_2+C4*(k_p4_3+C4*k_p4_4))) | G4: =k_ea+k_eb*EXP(k_ec*C4) | H4: =(k_p2_1+2*k_p2_2*C4)/k_sx | I4: =(k_p3_1+C4*(2*k_p3_2+3*k_p3_3*C4))/k_sx | J4: =(k_p4_1+C4*(2*k_p4_2+C4*(3*k_p4_3+4*k_p4_4*C4)))/k_sx | K4: =k_eb*k_ec*EXP(k_ec*C4)/k_sx | L4: =(2*k_p4_2+C4*(6*k_p4_3+12*k_p4_4*C4))/k_sx^2 | M4: =D4/B4 | N4: =E4/B4 | O4: =F4/B4 | P4: =G4/B4 | Q4: =CHOOSE(k_model,D4,E4,F4,G4) | R4: =CHOOSE(k_model,H4,I4,J4,K4)
A5: 3 | B5: =k_lo+k_rng*A5/1000 | C5: =(B5-k_mx)/k_sx | D5: =k_p2_0+C5*(k_p2_1+C5*k_p2_2) | E5: =k_p3_0+C5*(k_p3_1+C5*(k_p3_2+C5*k_p3_3)) | F5: =k_p4_0+C5*(k_p4_1+C5*(k_p4_2+C5*(k_p4_3+C5*k_p4_4))) | G5: =k_ea+k_eb*EXP(k_ec*C5) | H5: =(k_p2_1+2*k_p2_2*C5)/k_sx | I5: =(k_p3_1+C5*(2*k_p3_2+3*k_p3_3*C5))/k_sx | J5: =(k_p4_1+C5*(2*k_p4_2+C5*(3*k_p4_3+4*k_p4_4*C5)))/k_sx | K5: =k_eb*k_ec*EXP(k_ec*C5)/k_sx | L5: =(2*k_p4_2+C5*(6*k_p4_3+12*k_p4_4*C5))/k_sx^2 | M5: =D5/B5 | N5: =E5/B5 | O5: =F5/B5 | P5: =G5/B5 | Q5: =CHOOSE(k_model,D5,E5,F5,G5) | R5: =CHOOSE(k_model,H5,I5,J5,K5)
A6: 4 | B6: =k_lo+k_rng*A6/1000 | C6: =(B6-k_mx)/k_sx | D6: =k_p2_0+C6*(k_p2_1+C6*k_p2_2) | E6: =k_p3_0+C6*(k_p3_1+C6*(k_p3_2+C6*k_p3_3)) | F6: =k_p4_0+C6*(k_p4_1+C6*(k_p4_2+C6*(k_p4_3+C6*k_p4_4))) | G6: =k_ea+k_eb*EXP(k_ec*C6) | H6: =(k_p2_1+2*k_p2_2*C6)/k_sx | I6: =(k_p3_1+C6*(2*k_p3_2+3*k_p3_3*C6))/k_sx | J6: =(k_p4_1+C6*(2*k_p4_2+C6*(3*k_p4_3+4*k_p4_4*C6)))/k_sx | K6: =k_eb*k_ec*EXP(k_ec*C6)/k_sx | L6: =(2*k_p4_2+C6*(6*k_p4_3+12*k_p4_4*C6))/k_sx^2 | M6: =D6/B6 | N6: =E6/B6 | O6: =F6/B6 | P6: =G6/B6 | Q6: =CHOOSE(k_model,D6,E6,F6,G6) | R6: =CHOOSE(k_model,H6,I6,J6,K6)
A7: 5 | B7: =k_lo+k_rng*A7/1000 | C7: =(B7-k_mx)/k_sx | D7: =k_p2_0+C7*(k_p2_1+C7*k_p2_2) | E7: =k_p3_0+C7*(k_p3_1+C7*(k_p3_2+C7*k_p3_3)) | F7: =k_p4_0+C7*(k_p4_1+C7*(k_p4_2+C7*(k_p4_3+C7*k_p4_4))) | G7: =k_ea+k_eb*EXP(k_ec*C7) | H7: =(k_p2_1+2*k_p2_2*C7)/k_sx | I7: =(k_p3_1+C7*(2*k_p3_2+3*k_p3_3*C7))/k_sx | J7: =(k_p4_1+C7*(2*k_p4_2+C7*(3*k_p4_3+4*k_p4_4*C7)))/k_sx | K7: =k_eb*k_ec*EXP(k_ec*C7)/k_sx | L7: =(2*k_p4_2+C7*(6*k_p4_3+12*k_p4_4*C7))/k_sx^2 | M7: =D7/B7 | N7: =E7/B7 | O7: =F7/B7 | P7: =G7/B7 | Q7: =CHOOSE(k_model,D7,E7,F7,G7) | R7: =CHOOSE(k_model,H7,I7,J7,K7)
A8: 6 | B8: =k_lo+k_rng*A8/1000 | C8: =(B8-k_mx)/k_sx | D8: =k_p2_0+C8*(k_p2_1+C8*k_p2_2) | E8: =k_p3_0+C8*(k_p3_1+C8*(k_p3_2+C8*k_p3_3)) | F8: =k_p4_0+C8*(k_p4_1+C8*(k_p4_2+C8*(k_p4_3+C8*k_p4_4))) | G8: =k_ea+k_eb*EXP(k_ec*C8) | H8: =(k_p2_1+2*k_p2_2*C8)/k_sx | I8: =(k_p3_1+C8*(2*k_p3_2+3*k_p3_3*C8))/k_sx | J8: =(k_p4_1+C8*(2*k_p4_2+C8*(3*k_p4_3+4*k_p4_4*C8)))/k_sx | K8: =k_eb*k_ec*EXP(k_ec*C8)/k_sx | L8: =(2*k_p4_2+C8*(6*k_p4_3+12*k_p4_4*C8))/k_sx^2 | M8: =D8/B8 | N8: =E8/B8 | O8: =F8/B8 | P8: =G8/B8 | Q8: =CHOOSE(k_model,D8,E8,F8,G8) | R8: =CHOOSE(k_model,H8,I8,J8,K8)
A9: 7 | B9: =k_lo+k_rng*A9/1000 | C9: =(B9-k_mx)/k_sx | D9: =k_p2_0+C9*(k_p2_1+C9*k_p2_2) | E9: =k_p3_0+C9*(k_p3_1+C9*(k_p3_2+C9*k_p3_3)) | F9: =k_p4_0+C9*(k_p4_1+C9*(k_p4_2+C9*(k_p4_3+C9*k_p4_4))) | G9: =k_ea+k_eb*EXP(k_ec*C9) | H9: =(k_p2_1+2*k_p2_2*C9)/k_sx | I9: =(k_p3_1+C9*(2*k_p3_2+3*k_p3_3*C9))/k_sx | J9: =(k_p4_1+C9*(2*k_p4_2+C9*(3*k_p4_3+4*k_p4_4*C9)))/k_sx | K9: =k_eb*k_ec*EXP(k_ec*C9)/k_sx | L9: =(2*k_p4_2+C9*(6*k_p4_3+12*k_p4_4*C9))/k_sx^2 | M9: =D9/B9 | N9: =E9/B9 | O9: =F9/B9 | P9: =G9/B9 | Q9: =CHOOSE(k_model,D9,E9,F9,G9) | R9: =CHOOSE(k_model,H9,I9,J9,K9)
A10: 8 | B10: =k_lo+k_rng*A10/1000 | C10: =(B10-k_mx)/k_sx | D10: =k_p2_0+C10*(k_p2_1+C10*k_p2_2) | E10: =k_p3_0+C10*(k_p3_1+C10*(k_p3_2+C10*k_p3_3)) | F10: =k_p4_0+C10*(k_p4_1+C10*(k_p4_2+C10*(k_p4_3+C10*k_p4_4))) | G10: =k_ea+k_eb*EXP(k_ec*C10) | H10: =(k_p2_1+2*k_p2_2*C10)/k_sx | I10: =(k_p3_1+C10*(2*k_p3_2+3*k_p3_3*C10))/k_sx | J10: =(k_p4_1+C10*(2*k_p4_2+C10*(3*k_p4_3+4*k_p4_4*C10)))/k_sx | K10: =k_eb*k_ec*EXP(k_ec*C10)/k_sx | L10: =(2*k_p4_2+C10*(6*k_p4_3+12*k_p4_4*C10))/k_sx^2 | M10: =D10/B10 | N10: =E10/B10 | O10: =F10/B10 | P10: =G10/B10 | Q10: =CHOOSE(k_model,D10,E10,F10,G10) | R10: =CHOOSE(k_model,H10,I10,J10,K10)
A11: 9 | B11: =k_lo+k_rng*A11/1000 | C11: =(B11-k_mx)/k_sx | D11: =k_p2_0+C11*(k_p2_1+C11*k_p2_2) | E11: =k_p3_0+C11*(k_p3_1+C11*(k_p3_2+C11*k_p3_3)) | F11: =k_p4_0+C11*(k_p4_1+C11*(k_p4_2+C11*(k_p4_3+C11*k_p4_4))) | G11: =k_ea+k_eb*EXP(k_ec*C11) | H11: =(k_p2_1+2*k_p2_2*C11)/k_sx | I11: =(k_p3_1+C11*(2*k_p3_2+3*k_p3_3*C11))/k_sx | J11: =(k_p4_1+C11*(2*k_p4_2+C11*(3*k_p4_3+4*k_p4_4*C11)))/k_sx | K11: =k_eb*k_ec*EXP(k_ec*C11)/k_sx | L11: =(2*k_p4_2+C11*(6*k_p4_3+12*k_p4_4*C11))/k_sx^2 | M11: =D11/B11 | N11: =E11/B11 | O11: =F11/B11 | P11: =G11/B11 | Q11: =CHOOSE(k_model,D11,E11,F11,G11) | R11: =CHOOSE(k_model,H11,I11,J11,K11)
A12: 10 | B12: =k_lo+k_rng*A12/1000 | C12: =(B12-k_mx)/k_sx | D12: =k_p2_0+C12*(k_p2_1+C12*k_p2_2) | E12: =k_p3_0+C12*(k_p3_1+C12*(k_p3_2+C12*k_p3_3)) | F12: =k_p4_0+C12*(k_p4_1+C12*(k_p4_2+C12*(k_p4_3+C12*k_p4_4))) | G12: =k_ea+k_eb*EXP(k_ec*C12) | H12: =(k_p2_1+2*k_p2_2*C12)/k_sx | I12: =(k_p3_1+C12*(2*k_p3_2+3*k_p3_3*C12))/k_sx | J12: =(k_p4_1+C12*(2*k_p4_2+C12*(3*k_p4_3+4*k_p4_4*C12)))/k_sx | K12: =k_eb*k_ec*EXP(k_ec*C12)/k_sx | L12: =(2*k_p4_2+C12*(6*k_p4_3+12*k_p4_4*C12))/k_sx^2 | M12: =D12/B12 | N12: =E12/B12 | O12: =F12/B12 | P12: =G12/B12 | Q12: =CHOOSE(k_model,D12,E12,F12,G12) | R12: =CHOOSE(k_model,H12,I12,J12,K12)
A13: 11 | B13: =k_lo+k_rng*A13/1000 | C13: =(B13-k_mx)/k_sx | D13: =k_p2_0+C13*(k_p2_1+C13*k_p2_2) | E13: =k_p3_0+C13*(k_p3_1+C13*(k_p3_2+C13*k_p3_3)) | F13: =k_p4_0+C13*(k_p4_1+C13*(k_p4_2+C13*(k_p4_3+C13*k_p4_4))) | G13: =k_ea+k_eb*EXP(k_ec*C13) | H13: =(k_p2_1+2*k_p2_2*C13)/k_sx | I13: =(k_p3_1+C13*(2*k_p3_2+3*k_p3_3*C13))/k_sx | J13: =(k_p4_1+C13*(2*k_p4_2+C13*(3*k_p4_3+4*k_p4_4*C13)))/k_sx | K13: =k_eb*k_ec*EXP(k_ec*C13)/k_sx | L13: =(2*k_p4_2+C13*(6*k_p4_3+12*k_p4_4*C13))/k_sx^2 | M13: =D13/B13 | N13: =E13/B13 | O13: =F13/B13 | P13: =G13/B13 | Q13: =CHOOSE(k_model,D13,E13,F13,G13) | R13: =CHOOSE(k_model,H13,I13,J13,K13)
... A1002: 1000 | B1002: =k_lo+k_rng*A1002/1000 | C1002: =(B1002-k_mx)/k_sx | D1002: =k_p2_0+C1002*(k_p2_1+C1002*k_p2_2) | E1002: =k_p3_0+C1002*(k_p3_1+C1002*(k_p3_2+C1002*k_p3_3)) | F1002: =k_p4_0+C1002*(k_p4_1+C1002*(k_p4_2+C1002*(k_p4_3+C1002*k_p4_4))) | G1002: =k_ea+k_eb*EXP(k_ec*C1002) | H1002: =(k_p2_1+2*k_p2_2*C1002)/k_sx | I1002: =(k_p3_1+C1002*(2*k_p3_2+3*k_p3_3*C1002))/k_sx | J1002: =(k_p4_1+C1002*(2*k_p4_2+C1002*(3*k_p4_3+4*k_p4_4*C1002)))/k_sx | K1002: =k_eb*k_ec*EXP(k_ec*C1002)/k_sx | L1002: =(2*k_p4_2+C1002*(6*k_p4_3+12*k_p4_4*C1002))/k_sx^2 | M1002: =D1002/B1002 | N1002: =E1002/B1002 | O1002: =F1002/B1002 | P1002: =G1002/B1002 | Q1002: =CHOOSE(k_model,D1002,E1002,F1002,G1002) | R1002: =CHOOSE(k_model,H1002,I1002,J1002,K1002)

Sheet ExpFit
A1: Exponentialfit a + b·e^(c·t): Rastersuche über c mit zweifacher Verfeinerung (ersetzt Goldener-Schnitt-Suche)
A3: Stufe 1 bestes c | B3: =INDEX(A10:A409,MATCH(MIN(H10:H409),H10:H409,0))
A4: min. SSE (final) | B4: =MIN(H453:H493)
A5: c final | B5: =INDEX(A453:A493,B8)
A6: a final | B6: =INDEX(G453:G493,B8)
A7: b final | B7: =INDEX(F453:F493,B8)
A8: Zeile final | B8: =MATCH(B4,H453:H493,0)
A9: c | B9: Σe | C9: Σe² | D9: Σe·y | E9: det | F9: b | G9: a | H9: SSE
A10: 0.02 | B10: =SUMPRODUCT(Calc!$K$3:$K$22,EXP(A10*Calc!$L$3:$L$22)) | C10: =SUMPRODUCT(Calc!$K$3:$K$22,EXP(2*A10*Calc!$L$3:$L$22)) | D10: =SUMPRODUCT(Calc!$K$3:$K$22,EXP(A10*Calc!$L$3:$L$22),Calc!$I$3:$I$22) | E10: =k_n*C10-B10^2 | F10: =IF(ABS(E10)<1E-14,0,(k_n*D10-B10*k_n*k_ymean)/E10) | G10: =IF(k_n>0,(k_n*k_ymean-F10*B10)/k_n,0) | H10: =IF(AND(F10>0,ABS(E10)>=1E-14),SUMPRODUCT(Calc!$K$3:$K$22,(Calc!$I$3:$I$22-G10-F10*EXP(A10*Calc!$L$3:$L$22))^2),1E+300)
A11: 0.04 | B11: =SUMPRODUCT(Calc!$K$3:$K$22,EXP(A11*Calc!$L$3:$L$22)) | C11: =SUMPRODUCT(Calc!$K$3:$K$22,EXP(2*A11*Calc!$L$3:$L$22)) | D11: =SUMPRODUCT(Calc!$K$3:$K$22,EXP(A11*Calc!$L$3:$L$22),Calc!$I$3:$I$22) | E11: =k_n*C11-B11^2 | F11: =IF(ABS(E11)<1E-14,0,(k_n*D11-B11*k_n*k_ymean)/E11) | G11: =IF(k_n>0,(k_n*k_ymean-F11*B11)/k_n,0) | H11: =IF(AND(F11>0,ABS(E11)>=1E-14),SUMPRODUCT(Calc!$K$3:$K$22,(Calc!$I$3:$I$22-G11-F11*EXP(A11*Calc!$L$3:$L$22))^2),1E+300)
A12: 0.06 | B12: =SUMPRODUCT(Calc!$K$3:$K$22,EXP(A12*Calc!$L$3:$L$22)) | C12: =SUMPRODUCT(Calc!$K$3:$K$22,EXP(2*A12*Calc!$L$3:$L$22)) | D12: =SUMPRODUCT(Calc!$K$3:$K$22,EXP(A12*Calc!$L$3:$L$22),Calc!$I$3:$I$22) | E12: =k_n*C12-B12^2 | F12: =IF(ABS(E12)<1E-14,0,(k_n*D12-B12*k_n*k_ymean)/E12) | G12: =IF(k_n>0,(k_n*k_ymean-F12*B12)/k_n,0) | H12: =IF(AND(F12>0,ABS(E12)>=1E-14),SUMPRODUCT(Calc!$K$3:$K$22,(Calc!$I$3:$I$22-G12-F12*EXP(A12*Calc!$L$3:$L$22))^2),1E+300)
A13: 0.08 | B13: =SUMPRODUCT(Calc!$K$3:$K$22,EXP(A13*Calc!$L$3:$L$22)) | C13: =SUMPRODUCT(Calc!$K$3:$K$22,EXP(2*A13*Calc!$L$3:$L$22)) | D13: =SUMPRODUCT(Calc!$K$3:$K$22,EXP(A13*Calc!$L$3:$L$22),Calc!$I$3:$I$22) | E13: =k_n*C13-B13^2 | F13: =IF(ABS(E13)<1E-14,0,(k_n*D13-B13*k_n*k_ymean)/E13) | G13: =IF(k_n>0,(k_n*k_ymean-F13*B13)/k_n,0) | H13: =IF(AND(F13>0,ABS(E13)>=1E-14),SUMPRODUCT(Calc!$K$3:$K$22,(Calc!$I$3:$I$22-G13-F13*EXP(A13*Calc!$L$3:$L$22))^2),1E+300)
A14: 0.1 | B14: =SUMPRODUCT(Calc!$K$3:$K$22,EXP(A14*Calc!$L$3:$L$22)) | C14: =SUMPRODUCT(Calc!$K$3:$K$22,EXP(2*A14*Calc!$L$3:$L$22)) | D14: =SUMPRODUCT(Calc!$K$3:$K$22,EXP(A14*Calc!$L$3:$L$22),Calc!$I$3:$I$22) | E14: =k_n*C14-B14^2 | F14: =IF(ABS(E14)<1E-14,0,(k_n*D14-B14*k_n*k_ymean)/E14) | G14: =IF(k_n>0,(k_n*k_ymean-F14*B14)/k_n,0) | H14: =IF(AND(F14>0,ABS(E14)>=1E-14),SUMPRODUCT(Calc!$K$3:$K$22,(Calc!$I$3:$I$22-G14-F14*EXP(A14*Calc!$L$3:$L$22))^2),1E+300)
A15: 0.12 | B15: =SUMPRODUCT(Calc!$K$3:$K$22,EXP(A15*Calc!$L$3:$L$22)) | C15: =SUMPRODUCT(Calc!$K$3:$K$22,EXP(2*A15*Calc!$L$3:$L$22)) | D15: =SUMPRODUCT(Calc!$K$3:$K$22,EXP(A15*Calc!$L$3:$L$22),Calc!$I$3:$I$22) | E15: =k_n*C15-B15^2 | F15: =IF(ABS(E15)<1E-14,0,(k_n*D15-B15*k_n*k_ymean)/E15) | G15: =IF(k_n>0,(k_n*k_ymean-F15*B15)/k_n,0) | H15: =IF(AND(F15>0,ABS(E15)>=1E-14),SUMPRODUCT(Calc!$K$3:$K$22,(Calc!$I$3:$I$22-G15-F15*EXP(A15*Calc!$L$3:$L$22))^2),1E+300)
A16: 0.14 | B16: =SUMPRODUCT(Calc!$K$3:$K$22,EXP(A16*Calc!$L$3:$L$22)) | C16: =SUMPRODUCT(Calc!$K$3:$K$22,EXP(2*A16*Calc!$L$3:$L$22)) | D16: =SUMPRODUCT(Calc!$K$3:$K$22,EXP(A16*Calc!$L$3:$L$22),Calc!$I$3:$I$22) | E16: =k_n*C16-B16^2 | F16: =IF(ABS(E16)<1E-14,0,(k_n*D16-B16*k_n*k_ymean)/E16) | G16: =IF(k_n>0,(k_n*k_ymean-F16*B16)/k_n,0) | H16: =IF(AND(F16>0,ABS(E16)>=1E-14),SUMPRODUCT(Calc!$K$3:$K$22,(Calc!$I$3:$I$22-G16-F16*EXP(A16*Calc!$L$3:$L$22))^2),1E+300)
A17: 0.16 | B17: =SUMPRODUCT(Calc!$K$3:$K$22,EXP(A17*Calc!$L$3:$L$22)) | C17: =SUMPRODUCT(Calc!$K$3:$K$22,EXP(2*A17*Calc!$L$3:$L$22)) | D17: =SUMPRODUCT(Calc!$K$3:$K$22,EXP(A17*Calc!$L$3:$L$22),Calc!$I$3:$I$22) | E17: =k_n*C17-B17^2 | F17: =IF(ABS(E17)<1E-14,0,(k_n*D17-B17*k_n*k_ymean)/E17) | G17: =IF(k_n>0,(k_n*k_ymean-F17*B17)/k_n,0) | H17: =IF(AND(F17>0,ABS(E17)>=1E-14),SUMPRODUCT(Calc!$K$3:$K$22,(Calc!$I$3:$I$22-G17-F17*EXP(A17*Calc!$L$3:$L$22))^2),1E+300)
A18: 0.18 | B18: =SUMPRODUCT(Calc!$K$3:$K$22,EXP(A18*Calc!$L$3:$L$22)) | C18: =SUMPRODUCT(Calc!$K$3:$K$22,EXP(2*A18*Calc!$L$3:$L$22)) | D18: =SUMPRODUCT(Calc!$K$3:$K$22,EXP(A18*Calc!$L$3:$L$22),Calc!$I$3:$I$22) | E18: =k_n*C18-B18^2 | F18: =IF(ABS(E18)<1E-14,0,(k_n*D18-B18*k_n*k_ymean)/E18) | G18: =IF(k_n>0,(k_n*k_ymean-F18*B18)/k_n,0) | H18: =IF(AND(F18>0,ABS(E18)>=1E-14),SUMPRODUCT(Calc!$K$3:$K$22,(Calc!$I$3:$I$22-G18-F18*EXP(A18*Calc!$L$3:$L$22))^2),1E+300)
A19: 0.2 | B19: =SUMPRODUCT(Calc!$K$3:$K$22,EXP(A19*Calc!$L$3:$L$22)) | C19: =SUMPRODUCT(Calc!$K$3:$K$22,EXP(2*A19*Calc!$L$3:$L$22)) | D19: =SUMPRODUCT(Calc!$K$3:$K$22,EXP(A19*Calc!$L$3:$L$22),Calc!$I$3:$I$22) | E19: =k_n*C19-B19^2 | F19: =IF(ABS(E19)<1E-14,0,(k_n*D19-B19*k_n*k_ymean)/E19) | G19: =IF(k_n>0,(k_n*k_ymean-F19*B19)/k_n,0) | H19: =IF(AND(F19>0,ABS(E19)>=1E-14),SUMPRODUCT(Calc!$K$3:$K$22,(Calc!$I$3:$I$22-G19-F19*EXP(A19*Calc!$L$3:$L$22))^2),1E+300)
A20: 0.22 | B20: =SUMPRODUCT(Calc!$K$3:$K$22,EXP(A20*Calc!$L$3:$L$22)) | C20: =SUMPRODUCT(Calc!$K$3:$K$22,EXP(2*A20*Calc!$L$3:$L$22)) | D20: =SUMPRODUCT(Calc!$K$3:$K$22,EXP(A20*Calc!$L$3:$L$22),Calc!$I$3:$I$22) | E20: =k_n*C20-B20^2 | F20: =IF(ABS(E20)<1E-14,0,(k_n*D20-B20*k_n*k_ymean)/E20) | G20: =IF(k_n>0,(k_n*k_ymean-F20*B20)/k_n,0) | H20: =IF(AND(F20>0,ABS(E20)>=1E-14),SUMPRODUCT(Calc!$K$3:$K$22,(Calc!$I$3:$I$22-G20-F20*EXP(A20*Calc!$L$3:$L$22))^2),1E+300)
A21: 0.24 | B21: =SUMPRODUCT(Calc!$K$3:$K$22,EXP(A21*Calc!$L$3:$L$22)) | C21: =SUMPRODUCT(Calc!$K$3:$K$22,EXP(2*A21*Calc!$L$3:$L$22)) | D21: =SUMPRODUCT(Calc!$K$3:$K$22,EXP(A21*Calc!$L$3:$L$22),Calc!$I$3:$I$22) | E21: =k_n*C21-B21^2 | F21: =IF(ABS(E21)<1E-14,0,(k_n*D21-B21*k_n*k_ymean)/E21) | G21: =IF(k_n>0,(k_n*k_ymean-F21*B21)/k_n,0) | H21: =IF(AND(F21>0,ABS(E21)>=1E-14),SUMPRODUCT(Calc!$K$3:$K$22,(Calc!$I$3:$I$22-G21-F21*EXP(A21*Calc!$L$3:$L$22))^2),1E+300)
... A409: 8 | B409: =SUMPRODUCT(Calc!$K$3:$K$22,EXP(A409*Calc!$L$3:$L$22)) | C409: =SUMPRODUCT(Calc!$K$3:$K$22,EXP(2*A409*Calc!$L$3:$L$22)) | D409: =SUMPRODUCT(Calc!$K$3:$K$22,EXP(A409*Calc!$L$3:$L$22),Calc!$I$3:$I$22) | E409: =k_n*C409-B409^2 | F409: =IF(ABS(E409)<1E-14,0,(k_n*D409-B409*k_n*k_ymean)/E409) | G409: =IF(k_n>0,(k_n*k_ymean-F409*B409)/k_n,0) | H409: =IF(AND(F409>0,ABS(E409)>=1E-14),SUMPRODUCT(Calc!$K$3:$K$22,(Calc!$I$3:$I$22-G409-F409*EXP(A409*Calc!$L$3:$L$22))^2),1E+300)
A411: =MAX(0.0001,$B$3-0.02)+($B$3+0.02-MAX(0.0001,$B$3-0.02))*0/40 | B411: =SUMPRODUCT(Calc!$K$3:$K$22,EXP(A411*Calc!$L$3:$L$22)) | C411: =SUMPRODUCT(Calc!$K$3:$K$22,EXP(2*A411*Calc!$L$3:$L$22)) | D411: =SUMPRODUCT(Calc!$K$3:$K$22,EXP(A411*Calc!$L$3:$L$22),Calc!$I$3:$I$22) | E411: =k_n*C411-B411^2 | F411: =IF(ABS(E411)<1E-14,0,(k_n*D411-B411*k_n*k_ymean)/E411) | G411: =IF(k_n>0,(k_n*k_ymean-F411*B411)/k_n,0) | H411: =IF(AND(F411>0,ABS(E411)>=1E-14),SUMPRODUCT(Calc!$K$3:$K$22,(Calc!$I$3:$I$22-G411-F411*EXP(A411*Calc!$L$3:$L$22))^2),1E+300) | J411: bestes c Stufe 2 | K411: =INDEX(A411:A451,MATCH(MIN(H411:H451),H411:H451,0))
A412: =MAX(0.0001,$B$3-0.02)+($B$3+0.02-MAX(0.0001,$B$3-0.02))*1/40 | B412: =SUMPRODUCT(Calc!$K$3:$K$22,EXP(A412*Calc!$L$3:$L$22)) | C412: =SUMPRODUCT(Calc!$K$3:$K$22,EXP(2*A412*Calc!$L$3:$L$22)) | D412: =SUMPRODUCT(Calc!$K$3:$K$22,EXP(A412*Calc!$L$3:$L$22),Calc!$I$3:$I$22) | E412: =k_n*C412-B412^2 | F412: =IF(ABS(E412)<1E-14,0,(k_n*D412-B412*k_n*k_ymean)/E412) | G412: =IF(k_n>0,(k_n*k_ymean-F412*B412)/k_n,0) | H412: =IF(AND(F412>0,ABS(E412)>=1E-14),SUMPRODUCT(Calc!$K$3:$K$22,(Calc!$I$3:$I$22-G412-F412*EXP(A412*Calc!$L$3:$L$22))^2),1E+300)
A413: =MAX(0.0001,$B$3-0.02)+($B$3+0.02-MAX(0.0001,$B$3-0.02))*2/40 | B413: =SUMPRODUCT(Calc!$K$3:$K$22,EXP(A413*Calc!$L$3:$L$22)) | C413: =SUMPRODUCT(Calc!$K$3:$K$22,EXP(2*A413*Calc!$L$3:$L$22)) | D413: =SUMPRODUCT(Calc!$K$3:$K$22,EXP(A413*Calc!$L$3:$L$22),Calc!$I$3:$I$22) | E413: =k_n*C413-B413^2 | F413: =IF(ABS(E413)<1E-14,0,(k_n*D413-B413*k_n*k_ymean)/E413) | G413: =IF(k_n>0,(k_n*k_ymean-F413*B413)/k_n,0) | H413: =IF(AND(F413>0,ABS(E413)>=1E-14),SUMPRODUCT(Calc!$K$3:$K$22,(Calc!$I$3:$I$22-G413-F413*EXP(A413*Calc!$L$3:$L$22))^2),1E+300)
A414: =MAX(0.0001,$B$3-0.02)+($B$3+0.02-MAX(0.0001,$B$3-0.02))*3/40 | B414: =SUMPRODUCT(Calc!$K$3:$K$22,EXP(A414*Calc!$L$3:$L$22)) | C414: =SUMPRODUCT(Calc!$K$3:$K$22,EXP(2*A414*Calc!$L$3:$L$22)) | D414: =SUMPRODUCT(Calc!$K$3:$K$22,EXP(A414*Calc!$L$3:$L$22),Calc!$I$3:$I$22) | E414: =k_n*C414-B414^2 | F414: =IF(ABS(E414)<1E-14,0,(k_n*D414-B414*k_n*k_ymean)/E414) | G414: =IF(k_n>0,(k_n*k_ymean-F414*B414)/k_n,0) | H414: =IF(AND(F414>0,ABS(E414)>=1E-14),SUMPRODUCT(Calc!$K$3:$K$22,(Calc!$I$3:$I$22-G414-F414*EXP(A414*Calc!$L$3:$L$22))^2),1E+300)
A415: =MAX(0.0001,$B$3-0.02)+($B$3+0.02-MAX(0.0001,$B$3-0.02))*4/40 | B415: =SUMPRODUCT(Calc!$K$3:$K$22,EXP(A415*Calc!$L$3:$L$22)) | C415: =SUMPRODUCT(Calc!$K$3:$K$22,EXP(2*A415*Calc!$L$3:$L$22)) | D415: =SUMPRODUCT(Calc!$K$3:$K$22,EXP(A415*Calc!$L$3:$L$22),Calc!$I$3:$I$22) | E415: =k_n*C415-B415^2 | F415: =IF(ABS(E415)<1E-14,0,(k_n*D415-B415*k_n*k_ymean)/E415) | G415: =IF(k_n>0,(k_n*k_ymean-F415*B415)/k_n,0) | H415: =IF(AND(F415>0,ABS(E415)>=1E-14),SUMPRODUCT(Calc!$K$3:$K$22,(Calc!$I$3:$I$22-G415-F415*EXP(A415*Calc!$L$3:$L$22))^2),1E+300)
A416: =MAX(0.0001,$B$3-0.02)+($B$3+0.02-MAX(0.0001,$B$3-0.02))*5/40 | B416: =SUMPRODUCT(Calc!$K$3:$K$22,EXP(A416*Calc!$L$3:$L$22)) | C416: =SUMPRODUCT(Calc!$K$3:$K$22,EXP(2*A416*Calc!$L$3:$L$22)) | D416: =SUMPRODUCT(Calc!$K$3:$K$22,EXP(A416*Calc!$L$3:$L$22),Calc!$I$3:$I$22) | E416: =k_n*C416-B416^2 | F416: =IF(ABS(E416)<1E-14,0,(k_n*D416-B416*k_n*k_ymean)/E416) | G416: =IF(k_n>0,(k_n*k_ymean-F416*B416)/k_n,0) | H416: =IF(AND(F416>0,ABS(E416)>=1E-14),SUMPRODUCT(Calc!$K$3:$K$22,(Calc!$I$3:$I$22-G416-F416*EXP(A416*Calc!$L$3:$L$22))^2),1E+300)
A417: =MAX(0.0001,$B$3-0.02)+($B$3+0.02-MAX(0.0001,$B$3-0.02))*6/40 | B417: =SUMPRODUCT(Calc!$K$3:$K$22,EXP(A417*Calc!$L$3:$L$22)) | C417: =SUMPRODUCT(Calc!$K$3:$K$22,EXP(2*A417*Calc!$L$3:$L$22)) | D417: =SUMPRODUCT(Calc!$K$3:$K$22,EXP(A417*Calc!$L$3:$L$22),Calc!$I$3:$I$22) | E417: =k_n*C417-B417^2 | F417: =IF(ABS(E417)<1E-14,0,(k_n*D417-B417*k_n*k_ymean)/E417) | G417: =IF(k_n>0,(k_n*k_ymean-F417*B417)/k_n,0) | H417: =IF(AND(F417>0,ABS(E417)>=1E-14),SUMPRODUCT(Calc!$K$3:$K$22,(Calc!$I$3:$I$22-G417-F417*EXP(A417*Calc!$L$3:$L$22))^2),1E+300)
A418: =MAX(0.0001,$B$3-0.02)+($B$3+0.02-MAX(0.0001,$B$3-0.02))*7/40 | B418: =SUMPRODUCT(Calc!$K$3:$K$22,EXP(A418*Calc!$L$3:$L$22)) | C418: =SUMPRODUCT(Calc!$K$3:$K$22,EXP(2*A418*Calc!$L$3:$L$22)) | D418: =SUMPRODUCT(Calc!$K$3:$K$22,EXP(A418*Calc!$L$3:$L$22),Calc!$I$3:$I$22) | E418: =k_n*C418-B418^2 | F418: =IF(ABS(E418)<1E-14,0,(k_n*D418-B418*k_n*k_ymean)/E418) | G418: =IF(k_n>0,(k_n*k_ymean-F418*B418)/k_n,0) | H418: =IF(AND(F418>0,ABS(E418)>=1E-14),SUMPRODUCT(Calc!$K$3:$K$22,(Calc!$I$3:$I$22-G418-F418*EXP(A418*Calc!$L$3:$L$22))^2),1E+300)
A419: =MAX(0.0001,$B$3-0.02)+($B$3+0.02-MAX(0.0001,$B$3-0.02))*8/40 | B419: =SUMPRODUCT(Calc!$K$3:$K$22,EXP(A419*Calc!$L$3:$L$22)) | C419: =SUMPRODUCT(Calc!$K$3:$K$22,EXP(2*A419*Calc!$L$3:$L$22)) | D419: =SUMPRODUCT(Calc!$K$3:$K$22,EXP(A419*Calc!$L$3:$L$22),Calc!$I$3:$I$22) | E419: =k_n*C419-B419^2 | F419: =IF(ABS(E419)<1E-14,0,(k_n*D419-B419*k_n*k_ymean)/E419) | G419: =IF(k_n>0,(k_n*k_ymean-F419*B419)/k_n,0) | H419: =IF(AND(F419>0,ABS(E419)>=1E-14),SUMPRODUCT(Calc!$K$3:$K$22,(Calc!$I$3:$I$22-G419-F419*EXP(A419*Calc!$L$3:$L$22))^2),1E+300)
A420: =MAX(0.0001,$B$3-0.02)+($B$3+0.02-MAX(0.0001,$B$3-0.02))*9/40 | B420: =SUMPRODUCT(Calc!$K$3:$K$22,EXP(A420*Calc!$L$3:$L$22)) | C420: =SUMPRODUCT(Calc!$K$3:$K$22,EXP(2*A420*Calc!$L$3:$L$22)) | D420: =SUMPRODUCT(Calc!$K$3:$K$22,EXP(A420*Calc!$L$3:$L$22),Calc!$I$3:$I$22) | E420: =k_n*C420-B420^2 | F420: =IF(ABS(E420)<1E-14,0,(k_n*D420-B420*k_n*k_ymean)/E420) | G420: =IF(k_n>0,(k_n*k_ymean-F420*B420)/k_n,0) | H420: =IF(AND(F420>0,ABS(E420)>=1E-14),SUMPRODUCT(Calc!$K$3:$K$22,(Calc!$I$3:$I$22-G420-F420*EXP(A420*Calc!$L$3:$L$22))^2),1E+300)
A421: =MAX(0.0001,$B$3-0.02)+($B$3+0.02-MAX(0.0001,$B$3-0.02))*10/40 | B421: =SUMPRODUCT(Calc!$K$3:$K$22,EXP(A421*Calc!$L$3:$L$22)) | C421: =SUMPRODUCT(Calc!$K$3:$K$22,EXP(2*A421*Calc!$L$3:$L$22)) | D421: =SUMPRODUCT(Calc!$K$3:$K$22,EXP(A421*Calc!$L$3:$L$22),Calc!$I$3:$I$22) | E421: =k_n*C421-B421^2 | F421: =IF(ABS(E421)<1E-14,0,(k_n*D421-B421*k_n*k_ymean)/E421) | G421: =IF(k_n>0,(k_n*k_ymean-F421*B421)/k_n,0) | H421: =IF(AND(F421>0,ABS(E421)>=1E-14),SUMPRODUCT(Calc!$K$3:$K$22,(Calc!$I$3:$I$22-G421-F421*EXP(A421*Calc!$L$3:$L$22))^2),1E+300)
A422: =MAX(0.0001,$B$3-0.02)+($B$3+0.02-MAX(0.0001,$B$3-0.02))*11/40 | B422: =SUMPRODUCT(Calc!$K$3:$K$22,EXP(A422*Calc!$L$3:$L$22)) | C422: =SUMPRODUCT(Calc!$K$3:$K$22,EXP(2*A422*Calc!$L$3:$L$22)) | D422: =SUMPRODUCT(Calc!$K$3:$K$22,EXP(A422*Calc!$L$3:$L$22),Calc!$I$3:$I$22) | E422: =k_n*C422-B422^2 | F422: =IF(ABS(E422)<1E-14,0,(k_n*D422-B422*k_n*k_ymean)/E422) | G422: =IF(k_n>0,(k_n*k_ymean-F422*B422)/k_n,0) | H422: =IF(AND(F422>0,ABS(E422)>=1E-14),SUMPRODUCT(Calc!$K$3:$K$22,(Calc!$I$3:$I$22-G422-F422*EXP(A422*Calc!$L$3:$L$22))^2),1E+300)
A423: =MAX(0.0001,$B$3-0.02)+($B$3+0.02-MAX(0.0001,$B$3-0.02))*12/40 | B423: =SUMPRODUCT(Calc!$K$3:$K$22,EXP(A423*Calc!$L$3:$L$22)) | C423: =SUMPRODUCT(Calc!$K$3:$K$22,EXP(2*A423*Calc!$L$3:$L$22)) | D423: =SUMPRODUCT(Calc!$K$3:$K$22,EXP(A423*Calc!$L$3:$L$22),Calc!$I$3:$I$22) | E423: =k_n*C423-B423^2 | F423: =IF(ABS(E423)<1E-14,0,(k_n*D423-B423*k_n*k_ymean)/E423) | G423: =IF(k_n>0,(k_n*k_ymean-F423*B423)/k_n,0) | H423: =IF(AND(F423>0,ABS(E423)>=1E-14),SUMPRODUCT(Calc!$K$3:$K$22,(Calc!$I$3:$I$22-G423-F423*EXP(A423*Calc!$L$3:$L$22))^2),1E+300)
A424: =MAX(0.0001,$B$3-0.02)+($B$3+0.02-MAX(0.0001,$B$3-0.02))*13/40 | B424: =SUMPRODUCT(Calc!$K$3:$K$22,EXP(A424*Calc!$L$3:$L$22)) | C424: =SUMPRODUCT(Calc!$K$3:$K$22,EXP(2*A424*Calc!$L$3:$L$22)) | D424: =SUMPRODUCT(Calc!$K$3:$K$22,EXP(A424*Calc!$L$3:$L$22),Calc!$I$3:$I$22) | E424: =k_n*C424-B424^2 | F424: =IF(ABS(E424)<1E-14,0,(k_n*D424-B424*k_n*k_ymean)/E424) | G424: =IF(k_n>0,(k_n*k_ymean-F424*B424)/k_n,0) | H424: =IF(AND(F424>0,ABS(E424)>=1E-14),SUMPRODUCT(Calc!$K$3:$K$22,(Calc!$I$3:$I$22-G424-F424*EXP(A424*Calc!$L$3:$L$22))^2),1E+300)
A425: =MAX(0.0001,$B$3-0.02)+($B$3+0.02-MAX(0.0001,$B$3-0.02))*14/40 | B425: =SUMPRODUCT(Calc!$K$3:$K$22,EXP(A425*Calc!$L$3:$L$22)) | C425: =SUMPRODUCT(Calc!$K$3:$K$22,EXP(2*A425*Calc!$L$3:$L$22)) | D425: =SUMPRODUCT(Calc!$K$3:$K$22,EXP(A425*Calc!$L$3:$L$22),Calc!$I$3:$I$22) | E425: =k_n*C425-B425^2 | F425: =IF(ABS(E425)<1E-14,0,(k_n*D425-B425*k_n*k_ymean)/E425) | G425: =IF(k_n>0,(k_n*k_ymean-F425*B425)/k_n,0) | H425: =IF(AND(F425>0,ABS(E425)>=1E-14),SUMPRODUCT(Calc!$K$3:$K$22,(Calc!$I$3:$I$22-G425-F425*EXP(A425*Calc!$L$3:$L$22))^2),1E+300)
A426: =MAX(0.0001,$B$3-0.02)+($B$3+0.02-MAX(0.0001,$B$3-0.02))*15/40 | B426: =SUMPRODUCT(Calc!$K$3:$K$22,EXP(A426*Calc!$L$3:$L$22)) | C426: =SUMPRODUCT(Calc!$K$3:$K$22,EXP(2*A426*Calc!$L$3:$L$22)) | D426: =SUMPRODUCT(Calc!$K$3:$K$22,EXP(A426*Calc!$L$3:$L$22),Calc!$I$3:$I$22) | E426: =k_n*C426-B426^2 | F426: =IF(ABS(E426)<1E-14,0,(k_n*D426-B426*k_n*k_ymean)/E426) | G426: =IF(k_n>0,(k_n*k_ymean-F426*B426)/k_n,0) | H426: =IF(AND(F426>0,ABS(E426)>=1E-14),SUMPRODUCT(Calc!$K$3:$K$22,(Calc!$I$3:$I$22-G426-F426*EXP(A426*Calc!$L$3:$L$22))^2),1E+300)
A427: =MAX(0.0001,$B$3-0.02)+($B$3+0.02-MAX(0.0001,$B$3-0.02))*16/40 | B427: =SUMPRODUCT(Calc!$K$3:$K$22,EXP(A427*Calc!$L$3:$L$22)) | C427: =SUMPRODUCT(Calc!$K$3:$K$22,EXP(2*A427*Calc!$L$3:$L$22)) | D427: =SUMPRODUCT(Calc!$K$3:$K$22,EXP(A427*Calc!$L$3:$L$22),Calc!$I$3:$I$22) | E427: =k_n*C427-B427^2 | F427: =IF(ABS(E427)<1E-14,0,(k_n*D427-B427*k_n*k_ymean)/E427) | G427: =IF(k_n>0,(k_n*k_ymean-F427*B427)/k_n,0) | H427: =IF(AND(F427>0,ABS(E427)>=1E-14),SUMPRODUCT(Calc!$K$3:$K$22,(Calc!$I$3:$I$22-G427-F427*EXP(A427*Calc!$L$3:$L$22))^2),1E+300)
A428: =MAX(0.0001,$B$3-0.02)+($B$3+0.02-MAX(0.0001,$B$3-0.02))*17/40 | B428: =SUMPRODUCT(Calc!$K$3:$K$22,EXP(A428*Calc!$L$3:$L$22)) | C428: =SUMPRODUCT(Calc!$K$3:$K$22,EXP(2*A428*Calc!$L$3:$L$22)) | D428: =SUMPRODUCT(Calc!$K$3:$K$22,EXP(A428*Calc!$L$3:$L$22),Calc!$I$3:$I$22) | E428: =k_n*C428-B428^2 | F428: =IF(ABS(E428)<1E-14,0,(k_n*D428-B428*k_n*k_ymean)/E428) | G428: =IF(k_n>0,(k_n*k_ymean-F428*B428)/k_n,0) | H428: =IF(AND(F428>0,ABS(E428)>=1E-14),SUMPRODUCT(Calc!$K$3:$K$22,(Calc!$I$3:$I$22-G428-F428*EXP(A428*Calc!$L$3:$L$22))^2),1E+300)
A429: =MAX(0.0001,$B$3-0.02)+($B$3+0.02-MAX(0.0001,$B$3-0.02))*18/40 | B429: =SUMPRODUCT(Calc!$K$3:$K$22,EXP(A429*Calc!$L$3:$L$22)) | C429: =SUMPRODUCT(Calc!$K$3:$K$22,EXP(2*A429*Calc!$L$3:$L$22)) | D429: =SUMPRODUCT(Calc!$K$3:$K$22,EXP(A429*Calc!$L$3:$L$22),Calc!$I$3:$I$22) | E429: =k_n*C429-B429^2 | F429: =IF(ABS(E429)<1E-14,0,(k_n*D429-B429*k_n*k_ymean)/E429) | G429: =IF(k_n>0,(k_n*k_ymean-F429*B429)/k_n,0) | H429: =IF(AND(F429>0,ABS(E429)>=1E-14),SUMPRODUCT(Calc!$K$3:$K$22,(Calc!$I$3:$I$22-G429-F429*EXP(A429*Calc!$L$3:$L$22))^2),1E+300)
A430: =MAX(0.0001,$B$3-0.02)+($B$3+0.02-MAX(0.0001,$B$3-0.02))*19/40 | B430: =SUMPRODUCT(Calc!$K$3:$K$22,EXP(A430*Calc!$L$3:$L$22)) | C430: =SUMPRODUCT(Calc!$K$3:$K$22,EXP(2*A430*Calc!$L$3:$L$22)) | D430: =SUMPRODUCT(Calc!$K$3:$K$22,EXP(A430*Calc!$L$3:$L$22),Calc!$I$3:$I$22) | E430: =k_n*C430-B430^2 | F430: =IF(ABS(E430)<1E-14,0,(k_n*D430-B430*k_n*k_ymean)/E430) | G430: =IF(k_n>0,(k_n*k_ymean-F430*B430)/k_n,0) | H430: =IF(AND(F430>0,ABS(E430)>=1E-14),SUMPRODUCT(Calc!$K$3:$K$22,(Calc!$I$3:$I$22-G430-F430*EXP(A430*Calc!$L$3:$L$22))^2),1E+300)
A431: =MAX(0.0001,$B$3-0.02)+($B$3+0.02-MAX(0.0001,$B$3-0.02))*20/40 | B431: =SUMPRODUCT(Calc!$K$3:$K$22,EXP(A431*Calc!$L$3:$L$22)) | C431: =SUMPRODUCT(Calc!$K$3:$K$22,EXP(2*A431*Calc!$L$3:$L$22)) | D431: =SUMPRODUCT(Calc!$K$3:$K$22,EXP(A431*Calc!$L$3:$L$22),Calc!$I$3:$I$22) | E431: =k_n*C431-B431^2 | F431: =IF(ABS(E431)<1E-14,0,(k_n*D431-B431*k_n*k_ymean)/E431) | G431: =IF(k_n>0,(k_n*k_ymean-F431*B431)/k_n,0) | H431: =IF(AND(F431>0,ABS(E431)>=1E-14),SUMPRODUCT(Calc!$K$3:$K$22,(Calc!$I$3:$I$22-G431-F431*EXP(A431*Calc!$L$3:$L$22))^2),1E+300)
A432: =MAX(0.0001,$B$3-0.02)+($B$3+0.02-MAX(0.0001,$B$3-0.02))*21/40 | B432: =SUMPRODUCT(Calc!$K$3:$K$22,EXP(A432*Calc!$L$3:$L$22)) | C432: =SUMPRODUCT(Calc!$K$3:$K$22,EXP(2*A432*Calc!$L$3:$L$22)) | D432: =SUMPRODUCT(Calc!$K$3:$K$22,EXP(A432*Calc!$L$3:$L$22),Calc!$I$3:$I$22) | E432: =k_n*C432-B432^2 | F432: =IF(ABS(E432)<1E-14,0,(k_n*D432-B432*k_n*k_ymean)/E432) | G432: =IF(k_n>0,(k_n*k_ymean-F432*B432)/k_n,0) | H432: =IF(AND(F432>0,ABS(E432)>=1E-14),SUMPRODUCT(Calc!$K$3:$K$22,(Calc!$I$3:$I$22-G432-F432*EXP(A432*Calc!$L$3:$L$22))^2),1E+300)
A433: =MAX(0.0001,$B$3-0.02)+($B$3+0.02-MAX(0.0001,$B$3-0.02))*22/40 | B433: =SUMPRODUCT(Calc!$K$3:$K$22,EXP(A433*Calc!$L$3:$L$22)) | C433: =SUMPRODUCT(Calc!$K$3:$K$22,EXP(2*A433*Calc!$L$3:$L$22)) | D433: =SUMPRODUCT(Calc!$K$3:$K$22,EXP(A433*Calc!$L$3:$L$22),Calc!$I$3:$I$22) | E433: =k_n*C433-B433^2 | F433: =IF(ABS(E433)<1E-14,0,(k_n*D433-B433*k_n*k_ymean)/E433) | G433: =IF(k_n>0,(k_n*k_ymean-F433*B433)/k_n,0) | H433: =IF(AND(F433>0,ABS(E433)>=1E-14),SUMPRODUCT(Calc!$K$3:$K$22,(Calc!$I$3:$I$22-G433-F433*EXP(A433*Calc!$L$3:$L$22))^2),1E+300)
A434: =MAX(0.0001,$B$3-0.02)+($B$3+0.02-MAX(0.0001,$B$3-0.02))*23/40 | B434: =SUMPRODUCT(Calc!$K$3:$K$22,EXP(A434*Calc!$L$3:$L$22)) | C434: =SUMPRODUCT(Calc!$K$3:$K$22,EXP(2*A434*Calc!$L$3:$L$22)) | D434: =SUMPRODUCT(Calc!$K$3:$K$22,EXP(A434*Calc!$L$3:$L$22),Calc!$I$3:$I$22) | E434: =k_n*C434-B434^2 | F434: =IF(ABS(E434)<1E-14,0,(k_n*D434-B434*k_n*k_ymean)/E434) | G434: =IF(k_n>0,(k_n*k_ymean-F434*B434)/k_n,0) | H434: =IF(AND(F434>0,ABS(E434)>=1E-14),SUMPRODUCT(Calc!$K$3:$K$22,(Calc!$I$3:$I$22-G434-F434*EXP(A434*Calc!$L$3:$L$22))^2),1E+300)
A435: =MAX(0.0001,$B$3-0.02)+($B$3+0.02-MAX(0.0001,$B$3-0.02))*24/40 | B435: =SUMPRODUCT(Calc!$K$3:$K$22,EXP(A435*Calc!$L$3:$L$22)) | C435: =SUMPRODUCT(Calc!$K$3:$K$22,EXP(2*A435*Calc!$L$3:$L$22)) | D435: =SUMPRODUCT(Calc!$K$3:$K$22,EXP(A435*Calc!$L$3:$L$22),Calc!$I$3:$I$22) | E435: =k_n*C435-B435^2 | F435: =IF(ABS(E435)<1E-14,0,(k_n*D435-B435*k_n*k_ymean)/E435) | G435: =IF(k_n>0,(k_n*k_ymean-F435*B435)/k_n,0) | H435: =IF(AND(F435>0,ABS(E435)>=1E-14),SUMPRODUCT(Calc!$K$3:$K$22,(Calc!$I$3:$I$22-G435-F435*EXP(A435*Calc!$L$3:$L$22))^2),1E+300)
A436: =MAX(0.0001,$B$3-0.02)+($B$3+0.02-MAX(0.0001,$B$3-0.02))*25/40 | B436: =SUMPRODUCT(Calc!$K$3:$K$22,EXP(A436*Calc!$L$3:$L$22)) | C436: =SUMPRODUCT(Calc!$K$3:$K$22,EXP(2*A436*Calc!$L$3:$L$22)) | D436: =SUMPRODUCT(Calc!$K$3:$K$22,EXP(A436*Calc!$L$3:$L$22),Calc!$I$3:$I$22) | E436: =k_n*C436-B436^2 | F436: =IF(ABS(E436)<1E-14,0,(k_n*D436-B436*k_n*k_ymean)/E436) | G436: =IF(k_n>0,(k_n*k_ymean-F436*B436)/k_n,0) | H436: =IF(AND(F436>0,ABS(E436)>=1E-14),SUMPRODUCT(Calc!$K$3:$K$22,(Calc!$I$3:$I$22-G436-F436*EXP(A436*Calc!$L$3:$L$22))^2),1E+300)
A437: =MAX(0.0001,$B$3-0.02)+($B$3+0.02-MAX(0.0001,$B$3-0.02))*26/40 | B437: =SUMPRODUCT(Calc!$K$3:$K$22,EXP(A437*Calc!$L$3:$L$22)) | C437: =SUMPRODUCT(Calc!$K$3:$K$22,EXP(2*A437*Calc!$L$3:$L$22)) | D437: =SUMPRODUCT(Calc!$K$3:$K$22,EXP(A437*Calc!$L$3:$L$22),Calc!$I$3:$I$22) | E437: =k_n*C437-B437^2 | F437: =IF(ABS(E437)<1E-14,0,(k_n*D437-B437*k_n*k_ymean)/E437) | G437: =IF(k_n>0,(k_n*k_ymean-F437*B437)/k_n,0) | H437: =IF(AND(F437>0,ABS(E437)>=1E-14),SUMPRODUCT(Calc!$K$3:$K$22,(Calc!$I$3:$I$22-G437-F437*EXP(A437*Calc!$L$3:$L$22))^2),1E+300)
A438: =MAX(0.0001,$B$3-0.02)+($B$3+0.02-MAX(0.0001,$B$3-0.02))*27/40 | B438: =SUMPRODUCT(Calc!$K$3:$K$22,EXP(A438*Calc!$L$3:$L$22)) | C438: =SUMPRODUCT(Calc!$K$3:$K$22,EXP(2*A438*Calc!$L$3:$L$22)) | D438: =SUMPRODUCT(Calc!$K$3:$K$22,EXP(A438*Calc!$L$3:$L$22),Calc!$I$3:$I$22) | E438: =k_n*C438-B438^2 | F438: =IF(ABS(E438)<1E-14,0,(k_n*D438-B438*k_n*k_ymean)/E438) | G438: =IF(k_n>0,(k_n*k_ymean-F438*B438)/k_n,0) | H438: =IF(AND(F438>0,ABS(E438)>=1E-14),SUMPRODUCT(Calc!$K$3:$K$22,(Calc!$I$3:$I$22-G438-F438*EXP(A438*Calc!$L$3:$L$22))^2),1E+300)
A439: =MAX(0.0001,$B$3-0.02)+($B$3+0.02-MAX(0.0001,$B$3-0.02))*28/40 | B439: =SUMPRODUCT(Calc!$K$3:$K$22,EXP(A439*Calc!$L$3:$L$22)) | C439: =SUMPRODUCT(Calc!$K$3:$K$22,EXP(2*A439*Calc!$L$3:$L$22)) | D439: =SUMPRODUCT(Calc!$K$3:$K$22,EXP(A439*Calc!$L$3:$L$22),Calc!$I$3:$I$22) | E439: =k_n*C439-B439^2 | F439: =IF(ABS(E439)<1E-14,0,(k_n*D439-B439*k_n*k_ymean)/E439) | G439: =IF(k_n>0,(k_n*k_ymean-F439*B439)/k_n,0) | H439: =IF(AND(F439>0,ABS(E439)>=1E-14),SUMPRODUCT(Calc!$K$3:$K$22,(Calc!$I$3:$I$22-G439-F439*EXP(A439*Calc!$L$3:$L$22))^2),1E+300)
A440: =MAX(0.0001,$B$3-0.02)+($B$3+0.02-MAX(0.0001,$B$3-0.02))*29/40 | B440: =SUMPRODUCT(Calc!$K$3:$K$22,EXP(A440*Calc!$L$3:$L$22)) | C440: =SUMPRODUCT(Calc!$K$3:$K$22,EXP(2*A440*Calc!$L$3:$L$22)) | D440: =SUMPRODUCT(Calc!$K$3:$K$22,EXP(A440*Calc!$L$3:$L$22),Calc!$I$3:$I$22) | E440: =k_n*C440-B440^2 | F440: =IF(ABS(E440)<1E-14,0,(k_n*D440-B440*k_n*k_ymean)/E440) | G440: =IF(k_n>0,(k_n*k_ymean-F440*B440)/k_n,0) | H440: =IF(AND(F440>0,ABS(E440)>=1E-14),SUMPRODUCT(Calc!$K$3:$K$22,(Calc!$I$3:$I$22-G440-F440*EXP(A440*Calc!$L$3:$L$22))^2),1E+300)
A441: =MAX(0.0001,$B$3-0.02)+($B$3+0.02-MAX(0.0001,$B$3-0.02))*30/40 | B441: =SUMPRODUCT(Calc!$K$3:$K$22,EXP(A441*Calc!$L$3:$L$22)) | C441: =SUMPRODUCT(Calc!$K$3:$K$22,EXP(2*A441*Calc!$L$3:$L$22)) | D441: =SUMPRODUCT(Calc!$K$3:$K$22,EXP(A441*Calc!$L$3:$L$22),Calc!$I$3:$I$22) | E441: =k_n*C441-B441^2 | F441: =IF(ABS(E441)<1E-14,0,(k_n*D441-B441*k_n*k_ymean)/E441) | G441: =IF(k_n>0,(k_n*k_ymean-F441*B441)/k_n,0) | H441: =IF(AND(F441>0,ABS(E441)>=1E-14),SUMPRODUCT(Calc!$K$3:$K$22,(Calc!$I$3:$I$22-G441-F441*EXP(A441*Calc!$L$3:$L$22))^2),1E+300)
A442: =MAX(0.0001,$B$3-0.02)+($B$3+0.02-MAX(0.0001,$B$3-0.02))*31/40 | B442: =SUMPRODUCT(Calc!$K$3:$K$22,EXP(A442*Calc!$L$3:$L$22)) | C442: =SUMPRODUCT(Calc!$K$3:$K$22,EXP(2*A442*Calc!$L$3:$L$22)) | D442: =SUMPRODUCT(Calc!$K$3:$K$22,EXP(A442*Calc!$L$3:$L$22),Calc!$I$3:$I$22) | E442: =k_n*C442-B442^2 | F442: =IF(ABS(E442)<1E-14,0,(k_n*D442-B442*k_n*k_ymean)/E442) | G442: =IF(k_n>0,(k_n*k_ymean-F442*B442)/k_n,0) | H442: =IF(AND(F442>0,ABS(E442)>=1E-14),SUMPRODUCT(Calc!$K$3:$K$22,(Calc!$I$3:$I$22-G442-F442*EXP(A442*Calc!$L$3:$L$22))^2),1E+300)
A443: =MAX(0.0001,$B$3-0.02)+($B$3+0.02-MAX(0.0001,$B$3-0.02))*32/40 | B443: =SUMPRODUCT(Calc!$K$3:$K$22,EXP(A443*Calc!$L$3:$L$22)) | C443: =SUMPRODUCT(Calc!$K$3:$K$22,EXP(2*A443*Calc!$L$3:$L$22)) | D443: =SUMPRODUCT(Calc!$K$3:$K$22,EXP(A443*Calc!$L$3:$L$22),Calc!$I$3:$I$22) | E443: =k_n*C443-B443^2 | F443: =IF(ABS(E443)<1E-14,0,(k_n*D443-B443*k_n*k_ymean)/E443) | G443: =IF(k_n>0,(k_n*k_ymean-F443*B443)/k_n,0) | H443: =IF(AND(F443>0,ABS(E443)>=1E-14),SUMPRODUCT(Calc!$K$3:$K$22,(Calc!$I$3:$I$22-G443-F443*EXP(A443*Calc!$L$3:$L$22))^2),1E+300)
A444: =MAX(0.0001,$B$3-0.02)+($B$3+0.02-MAX(0.0001,$B$3-0.02))*33/40 | B444: =SUMPRODUCT(Calc!$K$3:$K$22,EXP(A444*Calc!$L$3:$L$22)) | C444: =SUMPRODUCT(Calc!$K$3:$K$22,EXP(2*A444*Calc!$L$3:$L$22)) | D444: =SUMPRODUCT(Calc!$K$3:$K$22,EXP(A444*Calc!$L$3:$L$22),Calc!$I$3:$I$22) | E444: =k_n*C444-B444^2 | F444: =IF(ABS(E444)<1E-14,0,(k_n*D444-B444*k_n*k_ymean)/E444) | G444: =IF(k_n>0,(k_n*k_ymean-F444*B444)/k_n,0) | H444: =IF(AND(F444>0,ABS(E444)>=1E-14),SUMPRODUCT(Calc!$K$3:$K$22,(Calc!$I$3:$I$22-G444-F444*EXP(A444*Calc!$L$3:$L$22))^2),1E+300)
A445: =MAX(0.0001,$B$3-0.02)+($B$3+0.02-MAX(0.0001,$B$3-0.02))*34/40 | B445: =SUMPRODUCT(Calc!$K$3:$K$22,EXP(A445*Calc!$L$3:$L$22)) | C445: =SUMPRODUCT(Calc!$K$3:$K$22,EXP(2*A445*Calc!$L$3:$L$22)) | D445: =SUMPRODUCT(Calc!$K$3:$K$22,EXP(A445*Calc!$L$3:$L$22),Calc!$I$3:$I$22) | E445: =k_n*C445-B445^2 | F445: =IF(ABS(E445)<1E-14,0,(k_n*D445-B445*k_n*k_ymean)/E445) | G445: =IF(k_n>0,(k_n*k_ymean-F445*B445)/k_n,0) | H445: =IF(AND(F445>0,ABS(E445)>=1E-14),SUMPRODUCT(Calc!$K$3:$K$22,(Calc!$I$3:$I$22-G445-F445*EXP(A445*Calc!$L$3:$L$22))^2),1E+300)
A446: =MAX(0.0001,$B$3-0.02)+($B$3+0.02-MAX(0.0001,$B$3-0.02))*35/40 | B446: =SUMPRODUCT(Calc!$K$3:$K$22,EXP(A446*Calc!$L$3:$L$22)) | C446: =SUMPRODUCT(Calc!$K$3:$K$22,EXP(2*A446*Calc!$L$3:$L$22)) | D446: =SUMPRODUCT(Calc!$K$3:$K$22,EXP(A446*Calc!$L$3:$L$22),Calc!$I$3:$I$22) | E446: =k_n*C446-B446^2 | F446: =IF(ABS(E446)<1E-14,0,(k_n*D446-B446*k_n*k_ymean)/E446) | G446: =IF(k_n>0,(k_n*k_ymean-F446*B446)/k_n,0) | H446: =IF(AND(F446>0,ABS(E446)>=1E-14),SUMPRODUCT(Calc!$K$3:$K$22,(Calc!$I$3:$I$22-G446-F446*EXP(A446*Calc!$L$3:$L$22))^2),1E+300)
A447: =MAX(0.0001,$B$3-0.02)+($B$3+0.02-MAX(0.0001,$B$3-0.02))*36/40 | B447: =SUMPRODUCT(Calc!$K$3:$K$22,EXP(A447*Calc!$L$3:$L$22)) | C447: =SUMPRODUCT(Calc!$K$3:$K$22,EXP(2*A447*Calc!$L$3:$L$22)) | D447: =SUMPRODUCT(Calc!$K$3:$K$22,EXP(A447*Calc!$L$3:$L$22),Calc!$I$3:$I$22) | E447: =k_n*C447-B447^2 | F447: =IF(ABS(E447)<1E-14,0,(k_n*D447-B447*k_n*k_ymean)/E447) | G447: =IF(k_n>0,(k_n*k_ymean-F447*B447)/k_n,0) | H447: =IF(AND(F447>0,ABS(E447)>=1E-14),SUMPRODUCT(Calc!$K$3:$K$22,(Calc!$I$3:$I$22-G447-F447*EXP(A447*Calc!$L$3:$L$22))^2),1E+300)
A448: =MAX(0.0001,$B$3-0.02)+($B$3+0.02-MAX(0.0001,$B$3-0.02))*37/40 | B448: =SUMPRODUCT(Calc!$K$3:$K$22,EXP(A448*Calc!$L$3:$L$22)) | C448: =SUMPRODUCT(Calc!$K$3:$K$22,EXP(2*A448*Calc!$L$3:$L$22)) | D448: =SUMPRODUCT(Calc!$K$3:$K$22,EXP(A448*Calc!$L$3:$L$22),Calc!$I$3:$I$22) | E448: =k_n*C448-B448^2 | F448: =IF(ABS(E448)<1E-14,0,(k_n*D448-B448*k_n*k_ymean)/E448) | G448: =IF(k_n>0,(k_n*k_ymean-F448*B448)/k_n,0) | H448: =IF(AND(F448>0,ABS(E448)>=1E-14),SUMPRODUCT(Calc!$K$3:$K$22,(Calc!$I$3:$I$22-G448-F448*EXP(A448*Calc!$L$3:$L$22))^2),1E+300)
A449: =MAX(0.0001,$B$3-0.02)+($B$3+0.02-MAX(0.0001,$B$3-0.02))*38/40 | B449: =SUMPRODUCT(Calc!$K$3:$K$22,EXP(A449*Calc!$L$3:$L$22)) | C449: =SUMPRODUCT(Calc!$K$3:$K$22,EXP(2*A449*Calc!$L$3:$L$22)) | D449: =SUMPRODUCT(Calc!$K$3:$K$22,EXP(A449*Calc!$L$3:$L$22),Calc!$I$3:$I$22) | E449: =k_n*C449-B449^2 | F449: =IF(ABS(E449)<1E-14,0,(k_n*D449-B449*k_n*k_ymean)/E449) | G449: =IF(k_n>0,(k_n*k_ymean-F449*B449)/k_n,0) | H449: =IF(AND(F449>0,ABS(E449)>=1E-14),SUMPRODUCT(Calc!$K$3:$K$22,(Calc!$I$3:$I$22-G449-F449*EXP(A449*Calc!$L$3:$L$22))^2),1E+300)
A450: =MAX(0.0001,$B$3-0.02)+($B$3+0.02-MAX(0.0001,$B$3-0.02))*39/40 | B450: =SUMPRODUCT(Calc!$K$3:$K$22,EXP(A450*Calc!$L$3:$L$22)) | C450: =SUMPRODUCT(Calc!$K$3:$K$22,EXP(2*A450*Calc!$L$3:$L$22)) | D450: =SUMPRODUCT(Calc!$K$3:$K$22,EXP(A450*Calc!$L$3:$L$22),Calc!$I$3:$I$22) | E450: =k_n*C450-B450^2 | F450: =IF(ABS(E450)<1E-14,0,(k_n*D450-B450*k_n*k_ymean)/E450) | G450: =IF(k_n>0,(k_n*k_ymean-F450*B450)/k_n,0) | H450: =IF(AND(F450>0,ABS(E450)>=1E-14),SUMPRODUCT(Calc!$K$3:$K$22,(Calc!$I$3:$I$22-G450-F450*EXP(A450*Calc!$L$3:$L$22))^2),1E+300)
A451: =MAX(0.0001,$B$3-0.02)+($B$3+0.02-MAX(0.0001,$B$3-0.02))*40/40 | B451: =SUMPRODUCT(Calc!$K$3:$K$22,EXP(A451*Calc!$L$3:$L$22)) | C451: =SUMPRODUCT(Calc!$K$3:$K$22,EXP(2*A451*Calc!$L$3:$L$22)) | D451: =SUMPRODUCT(Calc!$K$3:$K$22,EXP(A451*Calc!$L$3:$L$22),Calc!$I$3:$I$22) | E451: =k_n*C451-B451^2 | F451: =IF(ABS(E451)<1E-14,0,(k_n*D451-B451*k_n*k_ymean)/E451) | G451: =IF(k_n>0,(k_n*k_ymean-F451*B451)/k_n,0) | H451: =IF(AND(F451>0,ABS(E451)>=1E-14),SUMPRODUCT(Calc!$K$3:$K$22,(Calc!$I$3:$I$22-G451-F451*EXP(A451*Calc!$L$3:$L$22))^2),1E+300)
A453: =MAX(0.0001,$K$411-0.001)+($K$411+0.001-MAX(0.0001,$K$411-0.001))*0/40 | B453: =SUMPRODUCT(Calc!$K$3:$K$22,EXP(A453*Calc!$L$3:$L$22)) | C453: =SUMPRODUCT(Calc!$K$3:$K$22,EXP(2*A453*Calc!$L$3:$L$22)) | D453: =SUMPRODUCT(Calc!$K$3:$K$22,EXP(A453*Calc!$L$3:$L$22),Calc!$I$3:$I$22) | E453: =k_n*C453-B453^2 | F453: =IF(ABS(E453)<1E-14,0,(k_n*D453-B453*k_n*k_ymean)/E453) | G453: =IF(k_n>0,(k_n*k_ymean-F453*B453)/k_n,0) | H453: =IF(AND(F453>0,ABS(E453)>=1E-14),SUMPRODUCT(Calc!$K$3:$K$22,(Calc!$I$3:$I$22-G453-F453*EXP(A453*Calc!$L$3:$L$22))^2),1E+300)
A454: =MAX(0.0001,$K$411-0.001)+($K$411+0.001-MAX(0.0001,$K$411-0.001))*1/40 | B454: =SUMPRODUCT(Calc!$K$3:$K$22,EXP(A454*Calc!$L$3:$L$22)) | C454: =SUMPRODUCT(Calc!$K$3:$K$22,EXP(2*A454*Calc!$L$3:$L$22)) | D454: =SUMPRODUCT(Calc!$K$3:$K$22,EXP(A454*Calc!$L$3:$L$22),Calc!$I$3:$I$22) | E454: =k_n*C454-B454^2 | F454: =IF(ABS(E454)<1E-14,0,(k_n*D454-B454*k_n*k_ymean)/E454) | G454: =IF(k_n>0,(k_n*k_ymean-F454*B454)/k_n,0) | H454: =IF(AND(F454>0,ABS(E454)>=1E-14),SUMPRODUCT(Calc!$K$3:$K$22,(Calc!$I$3:$I$22-G454-F454*EXP(A454*Calc!$L$3:$L$22))^2),1E+300)
A455: =MAX(0.0001,$K$411-0.001)+($K$411+0.001-MAX(0.0001,$K$411-0.001))*2/40 | B455: =SUMPRODUCT(Calc!$K$3:$K$22,EXP(A455*Calc!$L$3:$L$22)) | C455: =SUMPRODUCT(Calc!$K$3:$K$22,EXP(2*A455*Calc!$L$3:$L$22)) | D455: =SUMPRODUCT(Calc!$K$3:$K$22,EXP(A455*Calc!$L$3:$L$22),Calc!$I$3:$I$22) | E455: =k_n*C455-B455^2 | F455: =IF(ABS(E455)<1E-14,0,(k_n*D455-B455*k_n*k_ymean)/E455) | G455: =IF(k_n>0,(k_n*k_ymean-F455*B455)/k_n,0) | H455: =IF(AND(F455>0,ABS(E455)>=1E-14),SUMPRODUCT(Calc!$K$3:$K$22,(Calc!$I$3:$I$22-G455-F455*EXP(A455*Calc!$L$3:$L$22))^2),1E+300)
A456: =MAX(0.0001,$K$411-0.001)+($K$411+0.001-MAX(0.0001,$K$411-0.001))*3/40 | B456: =SUMPRODUCT(Calc!$K$3:$K$22,EXP(A456*Calc!$L$3:$L$22)) | C456: =SUMPRODUCT(Calc!$K$3:$K$22,EXP(2*A456*Calc!$L$3:$L$22)) | D456: =SUMPRODUCT(Calc!$K$3:$K$22,EXP(A456*Calc!$L$3:$L$22),Calc!$I$3:$I$22) | E456: =k_n*C456-B456^2 | F456: =IF(ABS(E456)<1E-14,0,(k_n*D456-B456*k_n*k_ymean)/E456) | G456: =IF(k_n>0,(k_n*k_ymean-F456*B456)/k_n,0) | H456: =IF(AND(F456>0,ABS(E456)>=1E-14),SUMPRODUCT(Calc!$K$3:$K$22,(Calc!$I$3:$I$22-G456-F456*EXP(A456*Calc!$L$3:$L$22))^2),1E+300)
A457: =MAX(0.0001,$K$411-0.001)+($K$411+0.001-MAX(0.0001,$K$411-0.001))*4/40 | B457: =SUMPRODUCT(Calc!$K$3:$K$22,EXP(A457*Calc!$L$3:$L$22)) | C457: =SUMPRODUCT(Calc!$K$3:$K$22,EXP(2*A457*Calc!$L$3:$L$22)) | D457: =SUMPRODUCT(Calc!$K$3:$K$22,EXP(A457*Calc!$L$3:$L$22),Calc!$I$3:$I$22) | E457: =k_n*C457-B457^2 | F457: =IF(ABS(E457)<1E-14,0,(k_n*D457-B457*k_n*k_ymean)/E457) | G457: =IF(k_n>0,(k_n*k_ymean-F457*B457)/k_n,0) | H457: =IF(AND(F457>0,ABS(E457)>=1E-14),SUMPRODUCT(Calc!$K$3:$K$22,(Calc!$I$3:$I$22-G457-F457*EXP(A457*Calc!$L$3:$L$22))^2),1E+300)
A458: =MAX(0.0001,$K$411-0.001)+($K$411+0.001-MAX(0.0001,$K$411-0.001))*5/40 | B458: =SUMPRODUCT(Calc!$K$3:$K$22,EXP(A458*Calc!$L$3:$L$22)) | C458: =SUMPRODUCT(Calc!$K$3:$K$22,EXP(2*A458*Calc!$L$3:$L$22)) | D458: =SUMPRODUCT(Calc!$K$3:$K$22,EXP(A458*Calc!$L$3:$L$22),Calc!$I$3:$I$22) | E458: =k_n*C458-B458^2 | F458: =IF(ABS(E458)<1E-14,0,(k_n*D458-B458*k_n*k_ymean)/E458) | G458: =IF(k_n>0,(k_n*k_ymean-F458*B458)/k_n,0) | H458: =IF(AND(F458>0,ABS(E458)>=1E-14),SUMPRODUCT(Calc!$K$3:$K$22,(Calc!$I$3:$I$22-G458-F458*EXP(A458*Calc!$L$3:$L$22))^2),1E+300)
A459: =MAX(0.0001,$K$411-0.001)+($K$411+0.001-MAX(0.0001,$K$411-0.001))*6/40 | B459: =SUMPRODUCT(Calc!$K$3:$K$22,EXP(A459*Calc!$L$3:$L$22)) | C459: =SUMPRODUCT(Calc!$K$3:$K$22,EXP(2*A459*Calc!$L$3:$L$22)) | D459: =SUMPRODUCT(Calc!$K$3:$K$22,EXP(A459*Calc!$L$3:$L$22),Calc!$I$3:$I$22) | E459: =k_n*C459-B459^2 | F459: =IF(ABS(E459)<1E-14,0,(k_n*D459-B459*k_n*k_ymean)/E459) | G459: =IF(k_n>0,(k_n*k_ymean-F459*B459)/k_n,0) | H459: =IF(AND(F459>0,ABS(E459)>=1E-14),SUMPRODUCT(Calc!$K$3:$K$22,(Calc!$I$3:$I$22-G459-F459*EXP(A459*Calc!$L$3:$L$22))^2),1E+300)
A460: =MAX(0.0001,$K$411-0.001)+($K$411+0.001-MAX(0.0001,$K$411-0.001))*7/40 | B460: =SUMPRODUCT(Calc!$K$3:$K$22,EXP(A460*Calc!$L$3:$L$22)) | C460: =SUMPRODUCT(Calc!$K$3:$K$22,EXP(2*A460*Calc!$L$3:$L$22)) | D460: =SUMPRODUCT(Calc!$K$3:$K$22,EXP(A460*Calc!$L$3:$L$22),Calc!$I$3:$I$22) | E460: =k_n*C460-B460^2 | F460: =IF(ABS(E460)<1E-14,0,(k_n*D460-B460*k_n*k_ymean)/E460) | G460: =IF(k_n>0,(k_n*k_ymean-F460*B460)/k_n,0) | H460: =IF(AND(F460>0,ABS(E460)>=1E-14),SUMPRODUCT(Calc!$K$3:$K$22,(Calc!$I$3:$I$22-G460-F460*EXP(A460*Calc!$L$3:$L$22))^2),1E+300)
A461: =MAX(0.0001,$K$411-0.001)+($K$411+0.001-MAX(0.0001,$K$411-0.001))*8/40 | B461: =SUMPRODUCT(Calc!$K$3:$K$22,EXP(A461*Calc!$L$3:$L$22)) | C461: =SUMPRODUCT(Calc!$K$3:$K$22,EXP(2*A461*Calc!$L$3:$L$22)) | D461: =SUMPRODUCT(Calc!$K$3:$K$22,EXP(A461*Calc!$L$3:$L$22),Calc!$I$3:$I$22) | E461: =k_n*C461-B461^2 | F461: =IF(ABS(E461)<1E-14,0,(k_n*D461-B461*k_n*k_ymean)/E461) | G461: =IF(k_n>0,(k_n*k_ymean-F461*B461)/k_n,0) | H461: =IF(AND(F461>0,ABS(E461)>=1E-14),SUMPRODUCT(Calc!$K$3:$K$22,(Calc!$I$3:$I$22-G461-F461*EXP(A461*Calc!$L$3:$L$22))^2),1E+300)
A462: =MAX(0.0001,$K$411-0.001)+($K$411+0.001-MAX(0.0001,$K$411-0.001))*9/40 | B462: =SUMPRODUCT(Calc!$K$3:$K$22,EXP(A462*Calc!$L$3:$L$22)) | C462: =SUMPRODUCT(Calc!$K$3:$K$22,EXP(2*A462*Calc!$L$3:$L$22)) | D462: =SUMPRODUCT(Calc!$K$3:$K$22,EXP(A462*Calc!$L$3:$L$22),Calc!$I$3:$I$22) | E462: =k_n*C462-B462^2 | F462: =IF(ABS(E462)<1E-14,0,(k_n*D462-B462*k_n*k_ymean)/E462) | G462: =IF(k_n>0,(k_n*k_ymean-F462*B462)/k_n,0) | H462: =IF(AND(F462>0,ABS(E462)>=1E-14),SUMPRODUCT(Calc!$K$3:$K$22,(Calc!$I$3:$I$22-G462-F462*EXP(A462*Calc!$L$3:$L$22))^2),1E+300)
A463: =MAX(0.0001,$K$411-0.001)+($K$411+0.001-MAX(0.0001,$K$411-0.001))*10/40 | B463: =SUMPRODUCT(Calc!$K$3:$K$22,EXP(A463*Calc!$L$3:$L$22)) | C463: =SUMPRODUCT(Calc!$K$3:$K$22,EXP(2*A463*Calc!$L$3:$L$22)) | D463: =SUMPRODUCT(Calc!$K$3:$K$22,EXP(A463*Calc!$L$3:$L$22),Calc!$I$3:$I$22) | E463: =k_n*C463-B463^2 | F463: =IF(ABS(E463)<1E-14,0,(k_n*D463-B463*k_n*k_ymean)/E463) | G463: =IF(k_n>0,(k_n*k_ymean-F463*B463)/k_n,0) | H463: =IF(AND(F463>0,ABS(E463)>=1E-14),SUMPRODUCT(Calc!$K$3:$K$22,(Calc!$I$3:$I$22-G463-F463*EXP(A463*Calc!$L$3:$L$22))^2),1E+300)
A464: =MAX(0.0001,$K$411-0.001)+($K$411+0.001-MAX(0.0001,$K$411-0.001))*11/40 | B464: =SUMPRODUCT(Calc!$K$3:$K$22,EXP(A464*Calc!$L$3:$L$22)) | C464: =SUMPRODUCT(Calc!$K$3:$K$22,EXP(2*A464*Calc!$L$3:$L$22)) | D464: =SUMPRODUCT(Calc!$K$3:$K$22,EXP(A464*Calc!$L$3:$L$22),Calc!$I$3:$I$22) | E464: =k_n*C464-B464^2 | F464: =IF(ABS(E464)<1E-14,0,(k_n*D464-B464*k_n*k_ymean)/E464) | G464: =IF(k_n>0,(k_n*k_ymean-F464*B464)/k_n,0) | H464: =IF(AND(F464>0,ABS(E464)>=1E-14),SUMPRODUCT(Calc!$K$3:$K$22,(Calc!$I$3:$I$22-G464-F464*EXP(A464*Calc!$L$3:$L$22))^2),1E+300)
A465: =MAX(0.0001,$K$411-0.001)+($K$411+0.001-MAX(0.0001,$K$411-0.001))*12/40 | B465: =SUMPRODUCT(Calc!$K$3:$K$22,EXP(A465*Calc!$L$3:$L$22)) | C465: =SUMPRODUCT(Calc!$K$3:$K$22,EXP(2*A465*Calc!$L$3:$L$22)) | D465: =SUMPRODUCT(Calc!$K$3:$K$22,EXP(A465*Calc!$L$3:$L$22),Calc!$I$3:$I$22) | E465: =k_n*C465-B465^2 | F465: =IF(ABS(E465)<1E-14,0,(k_n*D465-B465*k_n*k_ymean)/E465) | G465: =IF(k_n>0,(k_n*k_ymean-F465*B465)/k_n,0) | H465: =IF(AND(F465>0,ABS(E465)>=1E-14),SUMPRODUCT(Calc!$K$3:$K$22,(Calc!$I$3:$I$22-G465-F465*EXP(A465*Calc!$L$3:$L$22))^2),1E+300)
A466: =MAX(0.0001,$K$411-0.001)+($K$411+0.001-MAX(0.0001,$K$411-0.001))*13/40 | B466: =SUMPRODUCT(Calc!$K$3:$K$22,EXP(A466*Calc!$L$3:$L$22)) | C466: =SUMPRODUCT(Calc!$K$3:$K$22,EXP(2*A466*Calc!$L$3:$L$22)) | D466: =SUMPRODUCT(Calc!$K$3:$K$22,EXP(A466*Calc!$L$3:$L$22),Calc!$I$3:$I$22) | E466: =k_n*C466-B466^2 | F466: =IF(ABS(E466)<1E-14,0,(k_n*D466-B466*k_n*k_ymean)/E466) | G466: =IF(k_n>0,(k_n*k_ymean-F466*B466)/k_n,0) | H466: =IF(AND(F466>0,ABS(E466)>=1E-14),SUMPRODUCT(Calc!$K$3:$K$22,(Calc!$I$3:$I$22-G466-F466*EXP(A466*Calc!$L$3:$L$22))^2),1E+300)
A467: =MAX(0.0001,$K$411-0.001)+($K$411+0.001-MAX(0.0001,$K$411-0.001))*14/40 | B467: =SUMPRODUCT(Calc!$K$3:$K$22,EXP(A467*Calc!$L$3:$L$22)) | C467: =SUMPRODUCT(Calc!$K$3:$K$22,EXP(2*A467*Calc!$L$3:$L$22)) | D467: =SUMPRODUCT(Calc!$K$3:$K$22,EXP(A467*Calc!$L$3:$L$22),Calc!$I$3:$I$22) | E467: =k_n*C467-B467^2 | F467: =IF(ABS(E467)<1E-14,0,(k_n*D467-B467*k_n*k_ymean)/E467) | G467: =IF(k_n>0,(k_n*k_ymean-F467*B467)/k_n,0) | H467: =IF(AND(F467>0,ABS(E467)>=1E-14),SUMPRODUCT(Calc!$K$3:$K$22,(Calc!$I$3:$I$22-G467-F467*EXP(A467*Calc!$L$3:$L$22))^2),1E+300)
A468: =MAX(0.0001,$K$411-0.001)+($K$411+0.001-MAX(0.0001,$K$411-0.001))*15/40 | B468: =SUMPRODUCT(Calc!$K$3:$K$22,EXP(A468*Calc!$L$3:$L$22)) | C468: =SUMPRODUCT(Calc!$K$3:$K$22,EXP(2*A468*Calc!$L$3:$L$22)) | D468: =SUMPRODUCT(Calc!$K$3:$K$22,EXP(A468*Calc!$L$3:$L$22),Calc!$I$3:$I$22) | E468: =k_n*C468-B468^2 | F468: =IF(ABS(E468)<1E-14,0,(k_n*D468-B468*k_n*k_ymean)/E468) | G468: =IF(k_n>0,(k_n*k_ymean-F468*B468)/k_n,0) | H468: =IF(AND(F468>0,ABS(E468)>=1E-14),SUMPRODUCT(Calc!$K$3:$K$22,(Calc!$I$3:$I$22-G468-F468*EXP(A468*Calc!$L$3:$L$22))^2),1E+300)
A469: =MAX(0.0001,$K$411-0.001)+($K$411+0.001-MAX(0.0001,$K$411-0.001))*16/40 | B469: =SUMPRODUCT(Calc!$K$3:$K$22,EXP(A469*Calc!$L$3:$L$22)) | C469: =SUMPRODUCT(Calc!$K$3:$K$22,EXP(2*A469*Calc!$L$3:$L$22)) | D469: =SUMPRODUCT(Calc!$K$3:$K$22,EXP(A469*Calc!$L$3:$L$22),Calc!$I$3:$I$22) | E469: =k_n*C469-B469^2 | F469: =IF(ABS(E469)<1E-14,0,(k_n*D469-B469*k_n*k_ymean)/E469) | G469: =IF(k_n>0,(k_n*k_ymean-F469*B469)/k_n,0) | H469: =IF(AND(F469>0,ABS(E469)>=1E-14),SUMPRODUCT(Calc!$K$3:$K$22,(Calc!$I$3:$I$22-G469-F469*EXP(A469*Calc!$L$3:$L$22))^2),1E+300)
A470: =MAX(0.0001,$K$411-0.001)+($K$411+0.001-MAX(0.0001,$K$411-0.001))*17/40 | B470: =SUMPRODUCT(Calc!$K$3:$K$22,EXP(A470*Calc!$L$3:$L$22)) | C470: =SUMPRODUCT(Calc!$K$3:$K$22,EXP(2*A470*Calc!$L$3:$L$22)) | D470: =SUMPRODUCT(Calc!$K$3:$K$22,EXP(A470*Calc!$L$3:$L$22),Calc!$I$3:$I$22) | E470: =k_n*C470-B470^2 | F470: =IF(ABS(E470)<1E-14,0,(k_n*D470-B470*k_n*k_ymean)/E470) | G470: =IF(k_n>0,(k_n*k_ymean-F470*B470)/k_n,0) | H470: =IF(AND(F470>0,ABS(E470)>=1E-14),SUMPRODUCT(Calc!$K$3:$K$22,(Calc!$I$3:$I$22-G470-F470*EXP(A470*Calc!$L$3:$L$22))^2),1E+300)
A471: =MAX(0.0001,$K$411-0.001)+($K$411+0.001-MAX(0.0001,$K$411-0.001))*18/40 | B471: =SUMPRODUCT(Calc!$K$3:$K$22,EXP(A471*Calc!$L$3:$L$22)) | C471: =SUMPRODUCT(Calc!$K$3:$K$22,EXP(2*A471*Calc!$L$3:$L$22)) | D471: =SUMPRODUCT(Calc!$K$3:$K$22,EXP(A471*Calc!$L$3:$L$22),Calc!$I$3:$I$22) | E471: =k_n*C471-B471^2 | F471: =IF(ABS(E471)<1E-14,0,(k_n*D471-B471*k_n*k_ymean)/E471) | G471: =IF(k_n>0,(k_n*k_ymean-F471*B471)/k_n,0) | H471: =IF(AND(F471>0,ABS(E471)>=1E-14),SUMPRODUCT(Calc!$K$3:$K$22,(Calc!$I$3:$I$22-G471-F471*EXP(A471*Calc!$L$3:$L$22))^2),1E+300)
A472: =MAX(0.0001,$K$411-0.001)+($K$411+0.001-MAX(0.0001,$K$411-0.001))*19/40 | B472: =SUMPRODUCT(Calc!$K$3:$K$22,EXP(A472*Calc!$L$3:$L$22)) | C472: =SUMPRODUCT(Calc!$K$3:$K$22,EXP(2*A472*Calc!$L$3:$L$22)) | D472: =SUMPRODUCT(Calc!$K$3:$K$22,EXP(A472*Calc!$L$3:$L$22),Calc!$I$3:$I$22) | E472: =k_n*C472-B472^2 | F472: =IF(ABS(E472)<1E-14,0,(k_n*D472-B472*k_n*k_ymean)/E472) | G472: =IF(k_n>0,(k_n*k_ymean-F472*B472)/k_n,0) | H472: =IF(AND(F472>0,ABS(E472)>=1E-14),SUMPRODUCT(Calc!$K$3:$K$22,(Calc!$I$3:$I$22-G472-F472*EXP(A472*Calc!$L$3:$L$22))^2),1E+300)
A473: =MAX(0.0001,$K$411-0.001)+($K$411+0.001-MAX(0.0001,$K$411-0.001))*20/40 | B473: =SUMPRODUCT(Calc!$K$3:$K$22,EXP(A473*Calc!$L$3:$L$22)) | C473: =SUMPRODUCT(Calc!$K$3:$K$22,EXP(2*A473*Calc!$L$3:$L$22)) | D473: =SUMPRODUCT(Calc!$K$3:$K$22,EXP(A473*Calc!$L$3:$L$22),Calc!$I$3:$I$22) | E473: =k_n*C473-B473^2 | F473: =IF(ABS(E473)<1E-14,0,(k_n*D473-B473*k_n*k_ymean)/E473) | G473: =IF(k_n>0,(k_n*k_ymean-F473*B473)/k_n,0) | H473: =IF(AND(F473>0,ABS(E473)>=1E-14),SUMPRODUCT(Calc!$K$3:$K$22,(Calc!$I$3:$I$22-G473-F473*EXP(A473*Calc!$L$3:$L$22))^2),1E+300)
A474: =MAX(0.0001,$K$411-0.001)+($K$411+0.001-MAX(0.0001,$K$411-0.001))*21/40 | B474: =SUMPRODUCT(Calc!$K$3:$K$22,EXP(A474*Calc!$L$3:$L$22)) | C474: =SUMPRODUCT(Calc!$K$3:$K$22,EXP(2*A474*Calc!$L$3:$L$22)) | D474: =SUMPRODUCT(Calc!$K$3:$K$22,EXP(A474*Calc!$L$3:$L$22),Calc!$I$3:$I$22) | E474: =k_n*C474-B474^2 | F474: =IF(ABS(E474)<1E-14,0,(k_n*D474-B474*k_n*k_ymean)/E474) | G474: =IF(k_n>0,(k_n*k_ymean-F474*B474)/k_n,0) | H474: =IF(AND(F474>0,ABS(E474)>=1E-14),SUMPRODUCT(Calc!$K$3:$K$22,(Calc!$I$3:$I$22-G474-F474*EXP(A474*Calc!$L$3:$L$22))^2),1E+300)
A475: =MAX(0.0001,$K$411-0.001)+($K$411+0.001-MAX(0.0001,$K$411-0.001))*22/40 | B475: =SUMPRODUCT(Calc!$K$3:$K$22,EXP(A475*Calc!$L$3:$L$22)) | C475: =SUMPRODUCT(Calc!$K$3:$K$22,EXP(2*A475*Calc!$L$3:$L$22)) | D475: =SUMPRODUCT(Calc!$K$3:$K$22,EXP(A475*Calc!$L$3:$L$22),Calc!$I$3:$I$22) | E475: =k_n*C475-B475^2 | F475: =IF(ABS(E475)<1E-14,0,(k_n*D475-B475*k_n*k_ymean)/E475) | G475: =IF(k_n>0,(k_n*k_ymean-F475*B475)/k_n,0) | H475: =IF(AND(F475>0,ABS(E475)>=1E-14),SUMPRODUCT(Calc!$K$3:$K$22,(Calc!$I$3:$I$22-G475-F475*EXP(A475*Calc!$L$3:$L$22))^2),1E+300)
A476: =MAX(0.0001,$K$411-0.001)+($K$411+0.001-MAX(0.0001,$K$411-0.001))*23/40 | B476: =SUMPRODUCT(Calc!$K$3:$K$22,EXP(A476*Calc!$L$3:$L$22)) | C476: =SUMPRODUCT(Calc!$K$3:$K$22,EXP(2*A476*Calc!$L$3:$L$22)) | D476: =SUMPRODUCT(Calc!$K$3:$K$22,EXP(A476*Calc!$L$3:$L$22),Calc!$I$3:$I$22) | E476: =k_n*C476-B476^2 | F476: =IF(ABS(E476)<1E-14,0,(k_n*D476-B476*k_n*k_ymean)/E476) | G476: =IF(k_n>0,(k_n*k_ymean-F476*B476)/k_n,0) | H476: =IF(AND(F476>0,ABS(E476)>=1E-14),SUMPRODUCT(Calc!$K$3:$K$22,(Calc!$I$3:$I$22-G476-F476*EXP(A476*Calc!$L$3:$L$22))^2),1E+300)
A477: =MAX(0.0001,$K$411-0.001)+($K$411+0.001-MAX(0.0001,$K$411-0.001))*24/40 | B477: =SUMPRODUCT(Calc!$K$3:$K$22,EXP(A477*Calc!$L$3:$L$22)) | C477: =SUMPRODUCT(Calc!$K$3:$K$22,EXP(2*A477*Calc!$L$3:$L$22)) | D477: =SUMPRODUCT(Calc!$K$3:$K$22,EXP(A477*Calc!$L$3:$L$22),Calc!$I$3:$I$22) | E477: =k_n*C477-B477^2 | F477: =IF(ABS(E477)<1E-14,0,(k_n*D477-B477*k_n*k_ymean)/E477) | G477: =IF(k_n>0,(k_n*k_ymean-F477*B477)/k_n,0) | H477: =IF(AND(F477>0,ABS(E477)>=1E-14),SUMPRODUCT(Calc!$K$3:$K$22,(Calc!$I$3:$I$22-G477-F477*EXP(A477*Calc!$L$3:$L$22))^2),1E+300)
A478: =MAX(0.0001,$K$411-0.001)+($K$411+0.001-MAX(0.0001,$K$411-0.001))*25/40 | B478: =SUMPRODUCT(Calc!$K$3:$K$22,EXP(A478*Calc!$L$3:$L$22)) | C478: =SUMPRODUCT(Calc!$K$3:$K$22,EXP(2*A478*Calc!$L$3:$L$22)) | D478: =SUMPRODUCT(Calc!$K$3:$K$22,EXP(A478*Calc!$L$3:$L$22),Calc!$I$3:$I$22) | E478: =k_n*C478-B478^2 | F478: =IF(ABS(E478)<1E-14,0,(k_n*D478-B478*k_n*k_ymean)/E478) | G478: =IF(k_n>0,(k_n*k_ymean-F478*B478)/k_n,0) | H478: =IF(AND(F478>0,ABS(E478)>=1E-14),SUMPRODUCT(Calc!$K$3:$K$22,(Calc!$I$3:$I$22-G478-F478*EXP(A478*Calc!$L$3:$L$22))^2),1E+300)
A479: =MAX(0.0001,$K$411-0.001)+($K$411+0.001-MAX(0.0001,$K$411-0.001))*26/40 | B479: =SUMPRODUCT(Calc!$K$3:$K$22,EXP(A479*Calc!$L$3:$L$22)) | C479: =SUMPRODUCT(Calc!$K$3:$K$22,EXP(2*A479*Calc!$L$3:$L$22)) | D479: =SUMPRODUCT(Calc!$K$3:$K$22,EXP(A479*Calc!$L$3:$L$22),Calc!$I$3:$I$22) | E479: =k_n*C479-B479^2 | F479: =IF(ABS(E479)<1E-14,0,(k_n*D479-B479*k_n*k_ymean)/E479) | G479: =IF(k_n>0,(k_n*k_ymean-F479*B479)/k_n,0) | H479: =IF(AND(F479>0,ABS(E479)>=1E-14),SUMPRODUCT(Calc!$K$3:$K$22,(Calc!$I$3:$I$22-G479-F479*EXP(A479*Calc!$L$3:$L$22))^2),1E+300)
A480: =MAX(0.0001,$K$411-0.001)+($K$411+0.001-MAX(0.0001,$K$411-0.001))*27/40 | B480: =SUMPRODUCT(Calc!$K$3:$K$22,EXP(A480*Calc!$L$3:$L$22)) | C480: =SUMPRODUCT(Calc!$K$3:$K$22,EXP(2*A480*Calc!$L$3:$L$22)) | D480: =SUMPRODUCT(Calc!$K$3:$K$22,EXP(A480*Calc!$L$3:$L$22),Calc!$I$3:$I$22) | E480: =k_n*C480-B480^2 | F480: =IF(ABS(E480)<1E-14,0,(k_n*D480-B480*k_n*k_ymean)/E480) | G480: =IF(k_n>0,(k_n*k_ymean-F480*B480)/k_n,0) | H480: =IF(AND(F480>0,ABS(E480)>=1E-14),SUMPRODUCT(Calc!$K$3:$K$22,(Calc!$I$3:$I$22-G480-F480*EXP(A480*Calc!$L$3:$L$22))^2),1E+300)
A481: =MAX(0.0001,$K$411-0.001)+($K$411+0.001-MAX(0.0001,$K$411-0.001))*28/40 | B481: =SUMPRODUCT(Calc!$K$3:$K$22,EXP(A481*Calc!$L$3:$L$22)) | C481: =SUMPRODUCT(Calc!$K$3:$K$22,EXP(2*A481*Calc!$L$3:$L$22)) | D481: =SUMPRODUCT(Calc!$K$3:$K$22,EXP(A481*Calc!$L$3:$L$22),Calc!$I$3:$I$22) | E481: =k_n*C481-B481^2 | F481: =IF(ABS(E481)<1E-14,0,(k_n*D481-B481*k_n*k_ymean)/E481) | G481: =IF(k_n>0,(k_n*k_ymean-F481*B481)/k_n,0) | H481: =IF(AND(F481>0,ABS(E481)>=1E-14),SUMPRODUCT(Calc!$K$3:$K$22,(Calc!$I$3:$I$22-G481-F481*EXP(A481*Calc!$L$3:$L$22))^2),1E+300)
A482: =MAX(0.0001,$K$411-0.001)+($K$411+0.001-MAX(0.0001,$K$411-0.001))*29/40 | B482: =SUMPRODUCT(Calc!$K$3:$K$22,EXP(A482*Calc!$L$3:$L$22)) | C482: =SUMPRODUCT(Calc!$K$3:$K$22,EXP(2*A482*Calc!$L$3:$L$22)) | D482: =SUMPRODUCT(Calc!$K$3:$K$22,EXP(A482*Calc!$L$3:$L$22),Calc!$I$3:$I$22) | E482: =k_n*C482-B482^2 | F482: =IF(ABS(E482)<1E-14,0,(k_n*D482-B482*k_n*k_ymean)/E482) | G482: =IF(k_n>0,(k_n*k_ymean-F482*B482)/k_n,0) | H482: =IF(AND(F482>0,ABS(E482)>=1E-14),SUMPRODUCT(Calc!$K$3:$K$22,(Calc!$I$3:$I$22-G482-F482*EXP(A482*Calc!$L$3:$L$22))^2),1E+300)
A483: =MAX(0.0001,$K$411-0.001)+($K$411+0.001-MAX(0.0001,$K$411-0.001))*30/40 | B483: =SUMPRODUCT(Calc!$K$3:$K$22,EXP(A483*Calc!$L$3:$L$22)) | C483: =SUMPRODUCT(Calc!$K$3:$K$22,EXP(2*A483*Calc!$L$3:$L$22)) | D483: =SUMPRODUCT(Calc!$K$3:$K$22,EXP(A483*Calc!$L$3:$L$22),Calc!$I$3:$I$22) | E483: =k_n*C483-B483^2 | F483: =IF(ABS(E483)<1E-14,0,(k_n*D483-B483*k_n*k_ymean)/E483) | G483: =IF(k_n>0,(k_n*k_ymean-F483*B483)/k_n,0) | H483: =IF(AND(F483>0,ABS(E483)>=1E-14),SUMPRODUCT(Calc!$K$3:$K$22,(Calc!$I$3:$I$22-G483-F483*EXP(A483*Calc!$L$3:$L$22))^2),1E+300)
A484: =MAX(0.0001,$K$411-0.001)+($K$411+0.001-MAX(0.0001,$K$411-0.001))*31/40 | B484: =SUMPRODUCT(Calc!$K$3:$K$22,EXP(A484*Calc!$L$3:$L$22)) | C484: =SUMPRODUCT(Calc!$K$3:$K$22,EXP(2*A484*Calc!$L$3:$L$22)) | D484: =SUMPRODUCT(Calc!$K$3:$K$22,EXP(A484*Calc!$L$3:$L$22),Calc!$I$3:$I$22) | E484: =k_n*C484-B484^2 | F484: =IF(ABS(E484)<1E-14,0,(k_n*D484-B484*k_n*k_ymean)/E484) | G484: =IF(k_n>0,(k_n*k_ymean-F484*B484)/k_n,0) | H484: =IF(AND(F484>0,ABS(E484)>=1E-14),SUMPRODUCT(Calc!$K$3:$K$22,(Calc!$I$3:$I$22-G484-F484*EXP(A484*Calc!$L$3:$L$22))^2),1E+300)
A485: =MAX(0.0001,$K$411-0.001)+($K$411+0.001-MAX(0.0001,$K$411-0.001))*32/40 | B485: =SUMPRODUCT(Calc!$K$3:$K$22,EXP(A485*Calc!$L$3:$L$22)) | C485: =SUMPRODUCT(Calc!$K$3:$K$22,EXP(2*A485*Calc!$L$3:$L$22)) | D485: =SUMPRODUCT(Calc!$K$3:$K$22,EXP(A485*Calc!$L$3:$L$22),Calc!$I$3:$I$22) | E485: =k_n*C485-B485^2 | F485: =IF(ABS(E485)<1E-14,0,(k_n*D485-B485*k_n*k_ymean)/E485) | G485: =IF(k_n>0,(k_n*k_ymean-F485*B485)/k_n,0) | H485: =IF(AND(F485>0,ABS(E485)>=1E-14),SUMPRODUCT(Calc!$K$3:$K$22,(Calc!$I$3:$I$22-G485-F485*EXP(A485*Calc!$L$3:$L$22))^2),1E+300)
A486: =MAX(0.0001,$K$411-0.001)+($K$411+0.001-MAX(0.0001,$K$411-0.001))*33/40 | B486: =SUMPRODUCT(Calc!$K$3:$K$22,EXP(A486*Calc!$L$3:$L$22)) | C486: =SUMPRODUCT(Calc!$K$3:$K$22,EXP(2*A486*Calc!$L$3:$L$22)) | D486: =SUMPRODUCT(Calc!$K$3:$K$22,EXP(A486*Calc!$L$3:$L$22),Calc!$I$3:$I$22) | E486: =k_n*C486-B486^2 | F486: =IF(ABS(E486)<1E-14,0,(k_n*D486-B486*k_n*k_ymean)/E486) | G486: =IF(k_n>0,(k_n*k_ymean-F486*B486)/k_n,0) | H486: =IF(AND(F486>0,ABS(E486)>=1E-14),SUMPRODUCT(Calc!$K$3:$K$22,(Calc!$I$3:$I$22-G486-F486*EXP(A486*Calc!$L$3:$L$22))^2),1E+300)
A487: =MAX(0.0001,$K$411-0.001)+($K$411+0.001-MAX(0.0001,$K$411-0.001))*34/40 | B487: =SUMPRODUCT(Calc!$K$3:$K$22,EXP(A487*Calc!$L$3:$L$22)) | C487: =SUMPRODUCT(Calc!$K$3:$K$22,EXP(2*A487*Calc!$L$3:$L$22)) | D487: =SUMPRODUCT(Calc!$K$3:$K$22,EXP(A487*Calc!$L$3:$L$22),Calc!$I$3:$I$22) | E487: =k_n*C487-B487^2 | F487: =IF(ABS(E487)<1E-14,0,(k_n*D487-B487*k_n*k_ymean)/E487) | G487: =IF(k_n>0,(k_n*k_ymean-F487*B487)/k_n,0) | H487: =IF(AND(F487>0,ABS(E487)>=1E-14),SUMPRODUCT(Calc!$K$3:$K$22,(Calc!$I$3:$I$22-G487-F487*EXP(A487*Calc!$L$3:$L$22))^2),1E+300)
A488: =MAX(0.0001,$K$411-0.001)+($K$411+0.001-MAX(0.0001,$K$411-0.001))*35/40 | B488: =SUMPRODUCT(Calc!$K$3:$K$22,EXP(A488*Calc!$L$3:$L$22)) | C488: =SUMPRODUCT(Calc!$K$3:$K$22,EXP(2*A488*Calc!$L$3:$L$22)) | D488: =SUMPRODUCT(Calc!$K$3:$K$22,EXP(A488*Calc!$L$3:$L$22),Calc!$I$3:$I$22) | E488: =k_n*C488-B488^2 | F488: =IF(ABS(E488)<1E-14,0,(k_n*D488-B488*k_n*k_ymean)/E488) | G488: =IF(k_n>0,(k_n*k_ymean-F488*B488)/k_n,0) | H488: =IF(AND(F488>0,ABS(E488)>=1E-14),SUMPRODUCT(Calc!$K$3:$K$22,(Calc!$I$3:$I$22-G488-F488*EXP(A488*Calc!$L$3:$L$22))^2),1E+300)
A489: =MAX(0.0001,$K$411-0.001)+($K$411+0.001-MAX(0.0001,$K$411-0.001))*36/40 | B489: =SUMPRODUCT(Calc!$K$3:$K$22,EXP(A489*Calc!$L$3:$L$22)) | C489: =SUMPRODUCT(Calc!$K$3:$K$22,EXP(2*A489*Calc!$L$3:$L$22)) | D489: =SUMPRODUCT(Calc!$K$3:$K$22,EXP(A489*Calc!$L$3:$L$22),Calc!$I$3:$I$22) | E489: =k_n*C489-B489^2 | F489: =IF(ABS(E489)<1E-14,0,(k_n*D489-B489*k_n*k_ymean)/E489) | G489: =IF(k_n>0,(k_n*k_ymean-F489*B489)/k_n,0) | H489: =IF(AND(F489>0,ABS(E489)>=1E-14),SUMPRODUCT(Calc!$K$3:$K$22,(Calc!$I$3:$I$22-G489-F489*EXP(A489*Calc!$L$3:$L$22))^2),1E+300)
A490: =MAX(0.0001,$K$411-0.001)+($K$411+0.001-MAX(0.0001,$K$411-0.001))*37/40 | B490: =SUMPRODUCT(Calc!$K$3:$K$22,EXP(A490*Calc!$L$3:$L$22)) | C490: =SUMPRODUCT(Calc!$K$3:$K$22,EXP(2*A490*Calc!$L$3:$L$22)) | D490: =SUMPRODUCT(Calc!$K$3:$K$22,EXP(A490*Calc!$L$3:$L$22),Calc!$I$3:$I$22) | E490: =k_n*C490-B490^2 | F490: =IF(ABS(E490)<1E-14,0,(k_n*D490-B490*k_n*k_ymean)/E490) | G490: =IF(k_n>0,(k_n*k_ymean-F490*B490)/k_n,0) | H490: =IF(AND(F490>0,ABS(E490)>=1E-14),SUMPRODUCT(Calc!$K$3:$K$22,(Calc!$I$3:$I$22-G490-F490*EXP(A490*Calc!$L$3:$L$22))^2),1E+300)
...

Sheet LTP
A1: LTP-Konzept nach Hofmann/Pokan: zwei sequenzielle Breakpoint-Regressionen (Raster 400 + Verfeinerung 40)
A3: Parameter
A4: Stufen im Suchbereich bis ROI | B4: =SUMPRODUCT(Calc!$K$3:$K$22*(Calc!$G$3:$G$22<=k_roi*k_hi+1E-9)) | D4: Stufen < LTP1 | E4: =SUMPRODUCT(Calc!$K$3:$K$22*(Calc!$G$3:$G$22<LTP!$B$463)) | G4: k_h1ok | H4: =AND(k_n>=5,LTP!$B$461)
A5: m1 (Stufen für LTP1) | B5: =MIN(k_n,MAX(B4,MIN(4,k_n))) | D5: Start s2 | E5: =MIN(E4+1,MAX(1,k_n-3)) | G5: k_hk1 | H5: =LTP!$B$463
A6: Erweiterung LTP1 | B6: =B5-B4 | D6: Erweiterung LTP2 | E6: =E4+1-E5 | G6: k_h2ok | H6: =AND(k_h1ok,LTP!$B$919,LTP!$B$921>LTP!$B$463)
G7: k_hk2 | H7: =LTP!$B$921
A9: LTP1-Suche (erste Stufe bis ROI)
B10: nm | C10: Sx | D10: Sy | E10: Sxx | F10: Sxy | G10: Syy | H10: Cxx | I10: Cxy | J10: Cyy | K10: lo | L10: hi
